,summonerName
0,Scorty LFT
1,Sicana
2,aL9shkaSadEbalo
3,M 4 R X M K X V
4,K1K1K1K1
5,Blood12345678910
6,herr mannerlig
7,Gilgamesz
8,DJANGO ω
9,mmnn
10,q8overdose
11,Rherithiel
12,murkel
13,debiI
14,Mıghty Eyes
15,jskdfasjfjk
16,xKniven
17,Star Shoppíng
18,Catch me in Bush
19,AndreasBruun
20,Hi48
21,Iiuz
22,Rogalloo
23,Laotionerfo
24,lutschtdu2
25,stay posîtîve
26,rezy3h
27,king evil boy
28,Loternop
29,CursedTop
30,FeeerCMoreno
31,KáZmà
32,I M P U R 00
33,frederikib1977
34,Magma Blast
35,CoKayn Abuser
36,ZZZZL
37,Kieffergg
38,SnarkyPakka
39,Bard Bοt
40,C Branflakes
41,Ðavura
42,Ayrras
43,Im not smurf 31
44,Seifer141
45,Varotzs
46,Doates v2
47,X ˉˉˉˉˉˉ D
48,OoKAARIIIIIMoO
49,Mìmí
50,R3tarded Aut1st
51,Zakkã
52,LTF RicardoMilos
53,Noãh
54,ßear ωith mε
55,Kazuo Yamashıta
56,Jrkzz
57,Svimmelbimmel
58,SpinnerGaren
59,Peanut brother
60,LimiTless0727
61,ad Tempus
62,LaBraguetteOP
63,Envy and Regret
64,Ak4za Hakuji
65,WachinMachine
66,Tokkzz
67,stin valor v2
68,Lösa05orOchNeråt
69,the hump trump
70,Rotcher
71,ÐEMON
72,White Mustang
73,Braat
74,Trash Hardstuck
75,Vankell
76,Turkish March
77,DG gribbidy
78,Georg Lindemann2
79,Stupid Teemo
80,Thormaul
81,xdoubI3 ll
82,Chicknick228
83,Nezilis
84,Danxer
85,EzPz NoUpsetti
86,ChocolateDor
87,Xylester
88,sup im straight
89,Mid Ji Bo Jiyan
90,OTPythagore
91,Spicy Raldha
92,Proxixor
93,Pannekucken4Life
94,otur med lag
95,Ðarłìng
96,Poikks
97,XELEGION
98,Second Blue Me
99,lm decent
100,Eli TT Eliason
101,Skyland
102,I bims der Bard
103,SecondChance99
104,Kandles
105,Hororoi
106,xJ4P
107,Karel Anker
108,Musse G
109,Ascentya
110,Shαco Bot
111,Robert39XD
112,Ãstro
113,Bot Arm0s
114,Käyń
115,Kralamour Géant
116,Elstorko1
117,Kappastorm
118,Yossune
119,Koyuki Seri 
120,MAClEK
121,Hèimerdinger
122,BladimirPutin
123,Bronze Hero
124,Dorianiti
125,Alessiσ
126,A Lodbrok
127,LuxLikeYouLose
128,ĄrKoS
129,ReFe MagiskDK
130,FLY WITH AK47
131,Jstcool
132,exploring
133,Hào
134,GP la fripouille
135,DariusØTP
136,Lil Chicha 
137,ImNewImSpecial
138,Reina ƒ
139,TI BRU The Twins
140,Accomodating
141,Kaya ScodeIario
142,OnlySuppCarries
143,SimSay
144,UkrainianTeacher
145,TipsizBelçikalı
146,VLT Shoshone
147,Miś Juraś
148,weenycker
149,Timothéé
150,CatOTP
151,Z I T H X X X X
152,J aime l amour
153,WillTheHook
154,Pantagrueł
155,Jasberry
156,FJDN
157,DAssassinated
158,Dswopey
159,Νameless King
160,SemimaruReformed
161,ELO LEECH
162,Quinnevere
163,Mr Duge Hick
164,Gata98landos
165,Blood Moon Yi
166,Kahó
167,Deltaiar
168,Wazers
169,Zakrøn
170,EnterTheEast
171,Chayza
172,CroniQz
173,Šhαco
174,VITO47
175,PaCiFicS0unD3oo3
176,Ellorente
177,Μighty
178,T 0o0 P
179,Ok Sorry
180,WhiteGloves
181,Slim 1
182,Narao
183,Mr Never Right
184,Nerf Jayce Plz
185,Its a sword
186,Shαrpex
187,NeC Slyze
188,Hand Of Emperor
189,YILLIY
190,Kenosanova
191,Riå
192,Staatsmann
193,M4DBlue
194,ammzij
195,Bazilard
196,RΔyZer
197,Caleniâ
198,Fisherman XD
199,enoh
200,L O L U S
201,FB Mocha
202,Temp65746416846
203,xplaz
204,Aphelandra
0,G E P 
1,IMATTI112
2,xFryd
3,ERR0RZ v1
4,Kαí
5,Crou
6,Pop a Perky
7,Lαco
8,Vgf Bobler
9,PracticeAcc0
10,Séulgi
11,JK Dobbins
12,TearB0T
13,HTTP Error 403
14,Darcigh
15,Rs TsoNami
16,Yatoωo
17,ThePapagai
18,Forbenn
19,Prototipe
20,Âme Des Nuages 
21,Only 4 senses
22,Riyad Mahrez Mu
23,MKørs
24,Tory Lanezz
25,Ånal DEL REY 
26,Shoot Twice
27,DPI100
28,Crayne
29,Jógvan
30,Prestance
31,ώΉó ϊš Řăkăñ
32,ZarkaKwalid
33,Le Roi Du SeI
34,Virtúöz
35,teddy fanx
36,Soundwãve
37,Filomela
38,Random Plâyer
39,PROBLEMATlC
40,mente selvagem
41,AIM ASSIST
42,Krallen
43,Jeetx3
44,Strangé Top
45,Nebulnezzar
46,ILYMTAE
47,gotyacovert
48,DesolateEra
49,Oliver Hye
50,Kepa
51,Tilted Alice
52,I Go Solo or INT
53,bomb at 15
54,CalQina4
55,ˇˆˉˉˆˇ
56,still the same
57,dokimane
58,UniquePlaystyle
59,grl no hand
60,SsumTimes
61,karcii
62,PeteyGod9
63,makimasnow
64,Flawzin
65,LaSoeurDeMelon
66,Kandiah Smurf v2
67,WavingWinterPoro
68,LaoDzi
69,TSM BirdBox
70,AZN Yano
71,Slazer
72,loveMH6
73,Lucky You
74,Kniven
75,iTz Censored
76,vermuthdx
77,BBBurak
78,Filipek Fanboy
79,BastpwndV2
80,Dogoo1
81,OTP Adrian
82,EZ Baba
83,Insomnia v9
84,abolish egirls
85,zåd
86,Ssoj
87,Aestral vX
88,Swaggy IK
89,Carjo
90,KRZYCZ DISUNIO69
91,xwz
92,Kommaminus
93,skin me aIive
94,Higheșt in Que
95,FReeZee27
96,hobbiknobbia
97,Amiine
98,xHίdε
99,Herr Polak
100,Ice Virtus
101,Piepmatziii
102,SexyLindner
103,whxy
104,peagod
105,Schkuti
106,G2 Pěrkz
107,ADC 0R BOOM
108,NiceHookHitbox
109,ThisIsNotAShower
110,IWillBecomeRank1
111,ModoTrifasico
112,Atum Grelhado
113,Vâreste Valor
114,tibbers 9inch
115,18 November 1999
116,The Vırtuoso
117,Farmors Fislucka
118,Stoníe
119,Lawriel
120,Premius
121,Errar é Human0
122,heart on ice
123,SaqMahDiq
124,LightMøøn
125,Ilúvåtår
126,Gnαrbage
127,TMNB
128,Raiding
129,Maldation
130,VNR Curl
131,Pajkaro89
132,Luxfanna
133,sssysaE
134,The1nfinity
135,Luukäse
136,VITTEL ADDICT
137,Nicram
138,Oloklastos
139,Dänesgod
140,Josepito
141,WieprzowinazKury
142,Sebal1p
143,Hypnøs
144,UndercoverRookie
145,Nice Guy Vecom
146,URFISCOOL
147, ma ma ài ni
148,DravenPlayerMemb
149,Iliks
150,Dawn Redemption
151,ai lekker
152,300 Tommygun
153,Diplexheatedd
154,7bts
155,Engecha
156,SornasCh0pper
157,Romantic
158,Fast 2
159,streammonster
160,xDTL
161,Wâpzy
162,C9 M0E
163,Taatuh
164,Perhimloth
165,RyogiMana
166,Hörö Sha
167,Laudon3
168,LF Tremendous
169,YuliyTheJaeger
170,1234144
171,patek on patek
172,TaliyahImp
173,julës
174,3 51 pm
175,Diminuendos
176,Alone Summoner
177,EVIL HERO DAMAS
178,Aomlk
179,Split Your Head
180,ANYTHlNG
181,JACEK KRZYNUWEK
182,gxno
183,POSlTlVVE
184,antek suchy
185,quid lad
186,DANGEROUS N00B
187,kendifcb
188,Is My Name Good
189,Badwoman1
190,Fordanester
191,WERHENT
192,C1oudstorm
193,HûaHuâ
194,ConoronaVirus
195,Monochrome Rose
196,Faulkner
197,Propheccyyyyy
198,JudaszekPL2009
199,AlperSemihAYDIN
200,Palvito
201,one sword man
202,FAKE RAT IRL XD
203,Original God
204,R E
0,soloitude
1,Javris
2,OMG xD xD HAhAxD
3,Meiran
4,Starduster
5,Radjan
6,PRO tecting Her 
7,Real KMS Hours
8,Gıyu Tomıoka
9,Plank Me Father
10,tibia player
11,Ghiosu
12,bEtTErjUnGLeRwlN
13,peace love all
14,L9 Haski
15,Bazippo
16,SK Panda KR
17,ItsMediated
18,Glejsjon
19,4ll M1ght
20,Dense Harem Mc
21,GoneNvrForgotten
22,Captalnqwark
23,meto652
24,RepMe4ScriptsPls
25,GoldenDrewriever
26,Waldener
27,hard to imagine
28,IlIllllIIlIIllI
29,Αllfadern
30,MrForces
31,nkem
32,Zaiiche
33,matchup explorer
34,Oppress
35,CorsairDamian
36,Morello Salesman
37,GyghaIII
38,Klette76
39,Refresh27
40,PAUL PUNISHER
41,D2 HARDSTUCK
42,1738
43,Born in storm
44,NonimoEUW
45,AterialDown
46,FioraSeinVater
47,CL GOSH
48,Top Lane Jax
49,ShiNoZuKinG
50,Kaeloo v2
51,Cow1337killr
52,Thesimus
53,m4tej
54,Young Bratz
55,Avifiks
56,mid Sintax
57,Zedleris
58,Forgiven apm
59,Ypipo
60,Regelschmerz
61,SixPackJesus
62,OneBaldGuy
63,Hoppip50
64,Rouladen
65,Šauron
66,fast f drop
67,Clarence Worley
68,Zyirene
69,xxrazzzzerxx
70,Hrvatko
71,iNasyy
72,Nêqster
73,XerRaý
74,Pardoxs
75,Kamciø
76,Mr JDW
77,LoLTookMyMoney
78,Seifzone
79,             diò
80,Ńíght
81,Dnzo
82,Xoyoh
83,He was RlGHT
84,LEVIΑCKERMAN
85,abigai1e
86,Maex01
87,Fliomag
88, Ké K O 
89,Tywin Lannister 
90,Trizak
91,10k ping spikes
92,Herr Lundenheim
93,King Der1ck
94,Kuoni
95,Cartî
96,1ZESUO1
97,Koreanmazan
98,Djexf
99,DEVOT1ON
100,void iwnl
101,Subhuman Filth
102,XL Special
103,Taøur
104,Eclipše
105,Demi Porc Sion
106,HaveMerzyOnMe
107,TR IamNewPlayer
108,XXTHEHAMMERXX
109,Border Police 
110,25th ηight
111,Jiyoon
112,wolf smurfer
113,NienormaIny
114,My name iś Jesus
115,Wazzz
116,LightOfNights
117,GGiler
118,NunuOnRengar
119,Defleck
120,999JW
121,dramat
122,Under beer
123,AdeIine
124,GG benQ Knight
125,InsideYouForEver
126,Dimil Q
127,LeonidasDeSparte
128,Saam Draven 8D
129,COCO Steven
130,Untryntas
131,rin ψ
132,jng is 2digitXD
133,Caesarll
134,Mïky
135,Ymengellice
136,wιη
137,KamiK6
138,Fokk
139,Ozkkan
140,Cresca
141,Mobangpum
142,Zikolo
143,Stínna
144,scorth ad
145,GandolfDerBraune
146,father of wym
147,Icy Liz
148,Regorommius
149,Dvide
150,Sonne3214
151,Yas and Chill
152,King Zurvan
153,Chiburril
154,Lennafenthes
155,ΖenDaR
156,GJA04
157,WanderingRictiq
158,Jannah Môntana
159,A Pink Cow
160,Spirit Cha
161,Sh0toT0doroki
162,SAS Wolf
163,hunziK1NG
164,SirBenney
165,Vaylišta
166,SlayerS ˆBoxeRˆ
167,Nino Poutso
168,Kurufeemo
169,Pschemek
170,Wildcards1
171,ABE Serenity
172,ReformedIIIIIIII
173,MeS Evan
174,xMaxis on West
175,Carlos Horizon
176,piss weasel
177,Isetanier
178,snaperskya
179,RITO IS FUN
180,Fateality 44
181,Skräll LEON DOG
182,Kata ga KiII
183,Daddy Strieker
184,will not forget
185,Light Of Lights
186,FioryXD
187,Vladimordin
188,reftheodez
189,C9 Häsagi
190,F I N l S H E R
191,TOP PRODIGY
192,Typhl0
193,CARL CARLS0N
194,XxXxKaynxXx
195,VICETØNE
196,CURSEDACCOUNT415
197,XERATH lS SCRIPT
198,Phoenix29LP
199,unlucky IQ XD
200,Blob jobs
201,MrHolst
202,Periscaterto
203,FeelsKaraliusMan
204,Trakke
0,Gosberg
1,New opportunity 
2,Preciöus 
3,Returder
4,antusheng
5,Anim4
6,Spitzweck
7,Korean Bus
8,RangerStrong
9,Walljump
10,Fulis on Top
11,Medøuze
12,MrDomius
13,jett lover
14,Hoes Up Gs Down
15,Viscâ
16,bepu in da house
17,Mr Kadachi
18,Exun
19,UUUUUUUUUUUU
20,Losowy Zadymiarz
21, Silixelf
22,Niose07
23,dragoonv2
24,Çûkûtay
25,Kishxki
26,zephhhh
27,RUSSKIY DOLBAEB
28,cba trying
29,Leitenant 666
30,Κinzu
31,Fall Guy 2033
32,HAF Poro
33,Puger
34,Deelix
35,AziNοx
36,LECSUPERSTARSUPP
37,chroIIo Iucilfer
38,saylens
39,i have faith
40,LoveRain
41,rotg0i0g0g
42,Ice Mage
43,Optimas
44,Busty Jessica
45,KING MANATY
46,LukiSteve
47,MyJungler200IQ
48,KeepOnKeepingOn
49,Bardd
50,Siusiak Hombre
51,Midmeya
52,9eetooo
53,Tobykachu
54,EUS JL
55,hammannx
56,Eunbin
57,DF inse
58,PërrierTranche
59,ALFA Yasuo
60,Baby Ramen
61,Absurd Taxer 
62,Mettwurst
63,20anstjrspuceau
64,Kim Deft
65,Reformed Reppy
66,Be your deer
67,no chat free win
68,Aincardz
69,HC Potent
70,Senyousart
71,another world
72,Tìzio
73,Hodný kluk
74,MadliF310UR
75,Kyuuba
76,kasadei
77,Suchex
78,FreestyleFilipek
79,Hula Hoop Lady
80,Reflect
81,Go Ha Go Ha
82,Qythien
83,7MDN
84,Wizbe
85,Latch1
86,MyTHArrow
87,BEST SUP NORWAY
88,I Dont Own Janna
89,Snacherna
90,Rajot Piernik
91,Tesco Meal Deal
92,Dön Patch
93,Stranger Twings
94,burgerflipper98
95,Scaevitus
96,KYS MAGES
97,CNH
98,sexy schoolgirl
99,Kαt4Reset
100,Rank 1 Südtirol
101,eGz Fear
102,Yanako
103,Etow
104,m7md7100 v3
105,Tykkimies
106,Nandemonai
107,relieve stress1
108,Choemi
109,Elyscent
110,Bethersham
111,FM GODDAM NARBEX
112,Diego DIO Brando
113,GLOWING v2
114, ˇ Bb
115,atoigii
116,Maciej Zaremba
117,KASIMlR
118,ßruski
119,Grim Re3per
120,Dubion
121,G0DPACA
122,Pangar Gossen
123,bit of a savant
124,ˇ SaberKuroyuki
125,Flanegien
126,Savage Tempest
127,Peremees
128,BG Aristochrate
129,I S0ny I
130,Tempo Suta
131,3 SHOT XDDDDDDD
132,HeLuo7
133,Lesteq
134,OMG Xin ZHAOOO
135,xRamson
136,FBB
137,xaroula
138,Sykkeltyven
139,ImperatoreNerone
140,Przegryw
141,ChadThυnderCøck
142,Swagstiaan
143,Silivriak
144,Hashtag 1
145,Fławłess
146,lövhögen v2
147,Hate the pain
148,Dawid
149,SamJonse37
150,eti ludi genii
151,GeTInSpiReD
152,Jooney
153,SGE Crossover
154,Zarotox
155,Usedtobeafungame
156,bench god
157,Itz Lunar2
158,UnluckyMoe
159,legit so sad
160,FallenRivals
161,18129
162,lil shmuzi vert
163,Never Ónè
164,Kirstai
165,L I Y A N
166,C9 Bunny Nemisy
167,2051541518
168,Klvs
169,pwn1
170,falshiito
171,iPaw
172,KatarinaMelody
173,brobabandah
174,BigDaddyN0tail
175,toxeec
176,N Λ S V Λ
177,τaru
178,Agalarov Estate
179,OPL Frappii
180,Adrian13PL
181,EgyptWonderKid
182,Veers
183,Srce u kartama
184,im gonna tryhard
185,ECF Tensor
186,Coneguy
187,Daxi4
188,Local Toplaner
189,Alexander Mahoné
190,deadalbury
191,RipperZhalo
192,monotropho
193,Rívelation
194,Pastor Ubaba
195,Goooooogy
196,downfromthesky
197,Shacpai
198,CryingEmojiUK
199,Jaka
200,jiaowomilk
201,Menedhwae
202,MORE SHIELDS PLZ
203,Temp7542315874
204,Hïtsu
0,GAM Ryou
1,8 ánd 24
2,Sezerushh
3,IamToxicSupport
4,warpathdemon
5,foop2legend
6,Yïsus
7,only feed thx
8,TragicDisaster
9,Amber Moonlight
10,The Heraxe
11,Sexy Plants
12,Puki style83
13,Ringabel666
14,ARAM Daddy Dani
15,Dincsen Kegyelem
16,noname setar
17,Itoniumek
18,MoonClouds
19,Stworza
20,ADOLFIN
21,Zippor
22,Damarlı Dürüm
23,Gutnac
24,Wavry
25,Sharnik
26,Naked System
27,Mouth of Sauron
28,bgoat
29,Lee Joo Ho Smurf
30,Lacasa De Darîus
31,Little C
32,BoostedAxton
33,SOLOTURK is Back
34,SlickSlothScrim
35,God1sBrazilian
36,Lewite
37,ImANinjaLZ
38,SuperNova750
39,Princess Thicc
40,Morcle
41,DarkGabbox
42,ZzzKINGGzzZ
43,Eogyse
44,xXMiyashiXx
45,IndoYasuo
46,Hïde øn bush
47,Poppy la pefra
48,BagarreVultMerci
49,ciuppati fangirl
50,ΨCowsep KidΨ
51,J35USs
52,SheSMySunlight
53,HeSMyMoonlight
54,SplitDis Three
55,X The BuTcHer X
56,desperado322
57,TouchThemThighs
58,Houng Dan Da
59,Lýnxes
60,The Lonely Sanga
61,Yone20ff
62,Ohrbassmuss
63,zunome
64,rtbf232875945
65,POWERSEX
66,ATCLIM
67,1BT0N
68,Îm fast asf boý
69,Hyp v11
70,Me int pas stp
71,Jungle is trash
72,Kylar729
73,Nayeek
74,Captain Nuggett
75,Alpha Doggo
76,Zübo
77,JZS
78,Disruptive
79,ÃrchangelofHöpe
80,Etlaz24
81,MONKIE FLIP
82,4pm
83,Shin Darkstar 
84,xDiel
85,FidgetRina
86,Exorty
87,TahmK ArsSeniC
88,ScoobyDooPamPam
89,RΣΠGAR 2115 
90,TartusFlambus
91,winaOCB
92,U cant carry
93,kαtα αbuser
94,Vol1milch
95,NippLee
96,LeRoiBaguette
97,BrONZ KatARiNa
98,GSF CrazyAs1an
99,Gouhjack
100,Allotel
101,Trô For
102,Kreleqz
103,Auraya
104,Awαken
105,Olid4
106,Tzath
107,Lomalinda King
108,GOD TlER SUPPORT
109,Kíper
110,Lykster
111,PunchToDie
112,Dictat0x
113,voli0n
114,Crepinnette
115,Revresuar
116,BLĂCK
117,Di4mondOPsmurf
118,LORD Tsuba
119,walker of abyss
120,Tr4kT0r306
121,BAN MYSELF IRL
122,Alpha girl xD
123,Kumaha
124,xFrontline ADCx
125,Exhaust CABBAR
126,BRONZE FORTICHE
127,BIG CLOCK 21CM
128,Pr3dictive
129,Alpha Karen
130,KAYNSTRIX
131,Yolo Jïzuschríst
132,Chigiru
133,Phantooom
134,K1ng0fHill
135,EU Toxicity
136,xXxJunGLeK1NGxXx
137,TinTheCan
138,maron32
139,veeeeljkoooo
140,JUNGLE DIFF LADS
141,xspeedy mustafax
142,420 Pound Hoe
143,Little Marten
144,IamKoreanVayne
145,it is JGLs Fault
146,Hold my gun
147,SleepyMiaa
148,Snikos
149,King359
150,Hí Im Píngu
151,GODofCODI
152,Leongold8583
153,Bédodo420
154,BornToKell
155,Dahyuwun
156,Backstabbing
157,Gergedan Ayla
158,Samiz
159,VAHIT GUETTA
160,Elon 000
161,SaKaRose
162,Gevers11
163,Forgive me Bro
164,TriccksteR
165,Tunnie
166,styrm3
167,ol Shadow lo
168,Znuswumriken
169,iCrocGOD
170,ZedTouchLantern
171,Horikon
172,Sharesh TR
173,PeelMeOrDie
174,LL Stylsh
175,The Crazy Húnter
176,RykenWay
177,Jeyde
178,Piöu Piöu
179,Kortnim
180,II   Y A M I  II
181,Fin0AIIaFine
182,Lyoshka
183,SKT T1 Overdeath
184,YISSL
185,Hi im Uziii
186,Next Zêitnot 
187,Not Genji
188,Faciel Ce Jue
189,TEA Cptn
190,Dausen
191,SayYouLoveMe666
192,OzT Bratsky
193,SKT  DeathM4rk
194,Alley Cats
195,i am Eteif 
196,OtpYonne
197,Pro0oKilleR
198,R1ggą
199,Çopy Çat
200,memmeli
201,Shigaraki Ro
202,reidosmacacos300
203,ParaschivX
204,La Hess
0,IMREXXAR
1,Sagrestano
2,Morgensol
3,Ellermann
4,LP Over Girls
5,In Honor of Mata
6,Never rages
7,Áććømplishêd
8,lLithora
9,lolmoan
10,TunSushi
11,Mermen
12,Shpykooh
13,Swift uwu
14,KimooLee
15,Łuminous Łaser
16,Riven ahegao
17,No Tilt Hardii
18,Cuffs
19,Darkower
20,Itayu
21,zzv3
22,Babaco v2
23,Barham Sálih
24,Soulovers
25,3BooDź
26,CLG WaterBender
27,Strixxon
28,Sampge
29,LívíngShádow
30,Orïanna Grandë
31,Morrocan Lee
32,KR KóreánGírls
33,nixmasagebambare
34,Tayzty
35,heliop19
36,KING WANG JOT
37,GeniusDevil
38,ƒugazy
39,Timmieboy123
40,No feed I Cärry 
41,Žekken
42,Red is Bad
43,gamyyy
44,OmegàPrìme
45,Kolvak
46,Scathàch
47,Mayfax01
48,xJESUx
49,Mixayah
50,Contrôleur SNCF
51,Ariøn Sherwind
52,Rosarya
53,ElSuin
54,Bodo420
55,BluuGasm
56,Koba Le D4
57,kmsM8mp3
58,Rorji
59,irelia cariers u
60,DaRkChaOs147
61,Søru
62,H0DENKLAUS 420
63,Cyber Ego
64,Abdulabdallah
65,Struma82
66,ImPoppyIar
67,umu
68,Mygane
69,Jesuismortz
70,Marilù
71,SUCRE Mean
72,Da pupu
73,H4E TheVirtuoso
74,StatcheckStinger
75,Nevia
76,GoldChronos
77,Donkey D Smurf
78,guille2003
79,TheDoooo
80,cappuccino Neró
81,DASH IS LIFE
82,xXPolletteXx
83,Astrxx
84,saidiking
85,Kero Gandhe
86,Zimwolf
87,TheFlow24
88,Toy Story 5
89,Kog da MVP v2
90,Ganged
91,ImTheRealSmurf
92,Narcotic15
93,TheRosemaryDUDE
94,Unkreativie Chan
95,Deadkíller
96,ŻÈÐ
97,FNC Saiga
98,Rexilino
99,Wild hoho
100,SebaZabijaka
101,SOURCHERRY
102,JM in The Jungle
103,TbQQnAod3O
104,Big Burly Men
105,koto5blue
106,GreenEssence
107,GloomyBlade
108,ATEȘ
109,dalsuuu
110,CheeseIsChrïst
111,102067
112,xRupture
113,Talonly317
114,PourLesCollègues
115,flyerbek v2
116,Sir Sieg
117,RØX PoPoroPopO
118,ItsFriedChicken
119,Chapperv2 
120,Reckeeeer
121,AD Sylens
122,NIGHTHERO999
123,Launa87
124,lambforever
125,Demon Ekko
126,LeviAckerman420
127,TrashMobile
128,S DragØN
129,JayOmicron
130,Rennnnnnnnngar
131,SPL Rÿøta Kisé
132,Yugga
133,EinWildesRelaxo
134,CE T1ger
135,Salty Envy
136,1013270
137,Tobez
138,Arsuo
139,Drinkpepsimax
140,Top Wukong
141,Ðjeen
142,ˇ Z 
143,womenbeaterL9
144,nDjamba
145,hmoad123
146,HvDemon
147,dogpunch3
148,fayazbeub
149,0o00ooo0o
150,Lebensgepferd
151,heythereguy
152,FireFlareOliver
153,Vαlknut
154,Adeamus
155,TSM AphroPoo
156,W0FL
157,BronZe VelKoz 83
158,Jones Rengar
159,CatchRivenIfUCan
160,AnarchyOfTheBan
161,HailFidgetSpiner
162,Ardent Slave 69
163,iwouldpayforit
164,Gojirâ
165,Eight B
166,BoJack Z
167,DoctorRatio
168,zFreak
169,Mematho
170,Believe in fate
171,4N00BSANDME
172,Í Hate My Suport
173,WALIDOX ZT
174,RusBan
175,CG Rojovsred
176,zLeth
177,67k
178,timotije11
179,kajin2
180,Icepoker
181,Pétard Choupinou
182,Dont B Negativè
183,Minzo
184,Bionus
185,Krakayn
186,Yasuokan
187,Ultimate Doomer
188,Graaadium
189,i suk at lig
190,better go next
191,Lars33yy
192,mtVb
193,Princess Sorakaa
194,Pornstar Samira
195,useless cløwn 
196,Pintani
197,doku doku no mi
198,Ithaka
199,OTP4EV3R
200,Supertoxicteddy
201,GG BenQ Pipophil
202,Colex v3
203,Jhin the 2nd
204,Stop pushing
0,Serefchan
1,skovlov
2,Jüki
3,Weber
4,MoH3N
5,Kuudereji
6,Kuk Kungen
7,DvaXAhriXMomo
8,bαbγgirl
9,lookin 4 husband
10,DPI50
11,Hi im coju
12,BIM CLEF DE BRAS
13,CegarSin
14,Kfc Manáger
15,OsmoseAlmighty
16,Sephiroths
17,Kingû
18,DvK1
19,I Love Belinda
20,Undeath
21,Salt Package
22,DG Icedancer
23,ReyganV2
24,TheG0blinTV
25,Sir GentIeman
26,l Lucksky l
27,vavou87
28,Strofee
29,TwilightHater
30,aαaαaαaαaα
31,VEKT v2
32,1LaureL1
33,MotanulFermecat
34,5h3it4n
35,Bike Vayne
36,B1er en T1eten
37,Kharried
38,MyPwIsNot1234
39,ILoveTeemou2
40,Petite Banana
41,lm doony
42,CruncyWilliam
43,MeowImSchuggi
44,573854
45,SSGSS TEEMO
46,Jisοo
47,A Toxic Vayne
48,Νelly
49,280297
50,Gîn Wedabest
51,Hi im Dëxtër
52,Raid More
53,FoxFireDesu
54,KataIsMyWaifω
55,BABAO
56,Súck My Soldiers
57,Yáwako
58,Ukko1
59,Send Me RP uWu
60,Wra1th
61,ZedPlaysLUL
62,techno fanboy
63,Tiki AkA
64,Pirat Drogowy
65,Eblan V Time
66,Diwine
67,GrovmanFangirl
68,Yung Jamster
69,respekterakvinna
70,Patel LoL
71,Reformedburpster
72,JunglêGapVictim
73,Śmieć z easta
74,Amortisi
75,BBM MemberKKT
76,TSMdoublewiff
77,ABKBM
78,Oh Hell 2 Da Naw
79,free elø
80,YES DADDY YES
81,XPedrovskiGamerX
82,moon lover
83,Víllie
84,LeagueOfLenvas
85,LRY BZD
86,Ràvèn
87,DeYiBoss
88,781247
89,Zeelk v2
90,Lox
91,Leryα
92,Pheudosap
93,Im a split v3
94,Kυrøkø
95,Ψ ƒyck
96,Frôdo
97,JE SUIS CONDAMNÉ
98,POMA
99,kapi7oshka
100,Pain Sad Fear 
101,xXlorenzsanXx10
102,True HyPeR CarrY
103,Silhouette
104,Toffeeliam
105,Path0fExi1e
106,BonoboFromChina
107,sockradekablar
108,ALBAKAAAAA
109,Divina Comedia
110,MrKnopperz
111,sawqt
112,Nélios v2
113,R2K Great
114,SnowAPM
115,IkeaStuhl
116,YI2Chall
117,SimpelHD
118,Cute Prinny
119,Diana of Caldia
120,ToastyMcRoasty
121,FB GeTeJe
122,llIIl
123,AKS Tri0NyX
124,PapaFrancesco96
125,me la kasco
126,Statsh
127,NoBacon4You
128,Moe Farah
129,LordBrokkoli
130,DeliciousCrayons
131,Bearbiscuit
132,Zerinth
133,FïshMooney
134,Sliffnoy
135,BestGraGasPlayer
136,Narnour
137,Diction
138,lumbridge1
139,AUTISTIC TRASH69
140,Buzd0van
141,Useless ADC 2K20
142,IlllIIIllllIlIl
143,Indisposable
144,WoXiangFei
145,mute all at 0000
146,Gucc1 Mane
147,PandaThe0rmeX
148,krul bota powrut
149,seeeddd
150,KÖNIG GRINGODOX
151,Aftynrose ASMR
152,Prenad
153,Jason Genova
154,If i R u go kys
155,01Eren01
156,ISIS in Paris
157,Patristhal
158,Saitama Jester
159,Hasaki2YourHeart
160,Mcobra
161,Kyarsz
162,TheRogueNinja
163,ˆYaphetS
164,Kameleos
165, Aguilar ZED
166,YA39OUB DZ 
167,An Apprentice
168,YoungStrelow
169,JannaGotNoMana
170,Ma quando mai 
171,Gosu Black
172,Best KaiSa Ever
173,GankMePlez
174,FallingLove
175,Twinkalicious
176,BigDirector
177,Draven CN
178,OT  WołV
179,ESL Modem
180,V U C K  F A N G
181,Ryusaga
182,Maclovelin
183,chabachibou
184,Mr Rational
185,Rixys
186,Anna Wesołowska
187,Forgive my Shiv
188,Xe1rakiss
189,Teddy World
190,MwitK
191,III Kayn III
192,Xixauxas Jr
193,King savage
194,eQ Silent Swab
195,MasterHunter K
196,Nekrob Riven
197,SOA SOA SOA
198,Bαrrel
199,SERlOUSIee
200,Maraz Ali West
201,DWT Chrome
202,Adrien Hunou FC
203,Mofae
204,Obi Dunk Kenobi
0,Hφllφw
1,ccccllllllll
2,Salazzar
3,ZiuBsoN
4,Burandoto
5,Born to death
6,Bewítchíng Janna
7,xtrabit
8,Samurai28
9,Ornns Dirty Ass
10,Muminovsky
11,bLankkz
12,aadversary
13,Kestâne
14,602
15,Victorioo
16,Ageonect
17,By Pars
18,MVP Sugar
19,Lukaazs
20,Hebi Jiboku
21,ValarKatOTP
22,Warboy97
23,Ðekμ
24,fordewinan
25,Ascêndant
26,xCarriedByBrais
27,Take me to G2
28,Lunaciala
29,BabyGra1nz
30,Rain1ng
31,Lishab V1
32,Xwk
33,awqfrxx
34,AbdellahGames69
35,Tonking Piwix
36,MacBabyboul
37,27ˆ08ˆ2003
38,Just Alt f4
39,0utcome
40,SOGD Waze
41,PhasedKiller
42,The SpaceV
43,as a LOSERS
44,Sagiri Chan
45,CdCrait
46,Nozzles Cookies
47,Bunej
48,i want díe
49,Rultal 
50,Egopillum
51,DarkStepEune
52,Coconut tree
53,EvenWorseUsernam
54,Selfmadee
55,Fiveno
56,EY Blackfear
57,TwTv Risezilean
58,NinnePinne
59,GiselaBabo
60,sharkjado
61,Kato Dan
62,Impacted LZ
63,FYB HeathBox
64,phantomjoker115
65,U K
66,Geethoven
67,Geronimoo2
68,TheXthForm
69,Im Inv3rs0
70,Asylum V
71,Jungle Angel
72,PYKE MID XD
73,STORMPACE
74,AZERT2004
75,El chino cani
76,berserker qiyana
77,Supperstronk
78,Kage86
79,Claus120500
80,S10 ELO HÉLL
81,Garnetino
82,Xiao Guanjun
83,Cool Poo Online 
84,hanabi lover
85,Lat som faan
86,Jørg
87,King Smurf
88,aarikka
89,Bjornen
90,Tomarizaki
91,Queen Maha
92,Quinncidences
93,AntimitE
94,2002H ˇ
95,ScriptingIsLife
96,Cool Kid 83
97,Le Command
98,Kata Script QQ
99,Nexon3130
100,163iq
101,suppOrtS His AdC
102,Blakely
103,Smuff
104,Synrias
105,Painful Cute
106,lKnickLichtl
107,LES BONS CRITZ
108,Nunus Dad
109,GA  xMRC
110,LGgamerx
111,Dammnnnn
112,UrgotTheSlimyOne
113,LivingInThFuture
114,Sourman
115,Lrb Greedou
116,theKebabKid
117,Ravagee
118,Le roi du sucre
119,Shíeld 4 Nudes
120,M0zzix
121,IPX Colster
122,Random Inter
123,HEMBlS
124,Gannicüs
125,Nich7
126,i need a doctor1
127,TøxıçJîηXMâıη
128,Battle in Child
129,Lamedesa
130,Alany
131,Knyko
132,Feed Me Biscuits
133,Darn v2
134,Yiumii
135,ExpêrtMurderer
136,alvaromh11
137,Sashimi Dance
138,g3tJAXed
139,Zai jian le wuz
140,RSMJusticarKayle
141,EL CRAK1TO
142,59 so cynical
143,LFGirl4SuckMyAxe
144,Schoolmeester
145,Magical Border
146,NGU Seeker
147,Little Tangrou
148,Kutterina
149,Hags v2
150,ArKoS Valorant
151,Fallen Akazan
152,LFT Outlandisch
153,416928305
154,Kraiiinx3
155,Revile
156,DRAGONGIRL XO
157,404LastBlade
158,NuggoxWasHere
159,34534635645
160,GucciFlockaFlame
161,WKZ Hatred
162,Kownatka
163,Kamenjarka
164,Carry Machinee
165,Tranqlize
166,DLion2
167,Grobmotoriker
168,Fabushka
169,ZedIing
170,UOL exZ
171,CULTURA XANAX
172,Tombolo
173,PsychoFeather
174,Bipolar Jungle
175,Son Hazırlık
176,Thê Nameless
177,KeySiTrue
178,LUL Riven LULxd
179,ZZZZZL
180,Inco Fanboy
181,MSSV1 Destroyer
182,Gawiel
183,Hymn For Weekend
184,TiltedJunglerr
185,qian sxphir
186,hide on zek
187,Mr Tis
188,Sweeney Tødd
189,Niklato Eltadore
190,Larry Katula
191,Clyashii
192,GG Tactics
193,Unbanned BLAZE
194,Support to carry
195,Thai Tea
196,Sir Kled
197,Lyai Akeru
198,ZedLoveU
199,SporksMySurreal
200,Siâmes
201,ELLE EST DJOMB
202,Legendary Skoumy
203,Çılgın Cemo
204,Midkey
0,Tryhard Bot
1,Bl1zzzer
2,s7s
3,endthelilons
4,Toxic Akali69
5,T0kki3
6,CrimsØnBlade
7,Anatolîan eagle
8,TOXIC I Himi
9,OWL Soufly
10,MGtheGod
11,Captain FlexQ
12,huni fangirl
13,9Fıngerz
14,Fungo tron 3000
15,MaDStark
16,αbdulaziz
17,Nëxt
18,Shaôlin
19,ÇetoSapiens
20,Arimá
21,3XpEnDaBlE
22,PÖZËIÐÖN
23,Lykalîa
24,Uncle Yasu0
25,MonsterHD
26,CAOOOOOOOOOOOO
27,lProfessor
28,Wickly
29,xXFEAR MY MIDXx
30,EgoLoss
31,Shieldwing
32,mPowerr
33,S4viÖr
34,MFGG
35,Leylü Nehar
36,fifavslol
37,JonYB0Y
38,MrScene
39,darkhuts
40,Toddynh0
41,Its so so good
42,QnmKillPeppaPig
43,Angalia
44,ESNmets
45,KT barmon
46,hasagiidem98
47,NoPleaseDontDoIt
48,Hayate is A God
49,Mamba the BEST
50,deniel27
51,Hextall
52,MMM Racknoz
53,ŠinkoLegenda
54,Daddelplukker
55,S3vTV
56,Syndra Carries Y
57,Serniula
58,X oOI ZEUS IOo X
59,CarmoX
60,Rümble
61,Vasle
62,lllIIIlllllIIIll
63,ArgeleoN
64,Beäter
65,The big night 
66,Bon3on
67,Deadrakillerx9
68,GoldenBoyKj
69,wargonix
70,VXO Fish
71,GoDMie
72,LuzzRoOd
73,Akar0th
74,lagu3ta21
75,Ninjakeks120
76,KnusperBreed
77,kyuren3636
78,Vastet
79,TANFER
80,peroudusud
81,ADEL 2002
82,llllllllOlllllll
83,l1l1l1111lll11l
84,5starskilzz
85,patsdoma
86,OneProudGuy
87,Puffogrosso
88,Xelajin
89,Zedge68
90,Jenscree
91,Veltraz
92,arno unity
93,DidrikDP
94,Timmy Troodon
95,Obzii03
96, x Angelic x
97,Mr  Puff
98,TeemoShroomBot
99,Bitøz
100,Kinborus852
101,My MoOn iS Diana
102,Lets be polite
103,Mayfax
104,NeonHawk
105,Sersocker8
106,Zyuq
107,Snackman69
108,Meduolis1337
109,TheRealCovfefe
110,Chaiηs
111,Tariqsoo
112,Lvl 100 kerelman
113,GotDjentleman
114,bandar056
115,Péntarina
116,xAskadia
117,IlluminateScythe
118,TrackMe
119,Ulysses 31
120,Klou
121,Kuzarya
122,47Games
123,Gaggo
124,Ramidjek
125,ONCEfox
126,Hard On Donger
127,IncomingBexi
128,GuiltyI3lood
129,Lord XAB
130,Cainus96
131,RealSnipe
132,ESAVAS
133,CHAOS16OUSSA
134,MateLetsFail
135,bigarmsandcoc
136,LSCÐ Yâng
137,One1law
138,Deehan1
139,699061
140,DarkTurkey1
141,Marryy
142,MrsZippylol
143,4Lethaeuss
144,KeeperKiddo
145,DISKODANS
146,pankkhhorr
147,RAT IRLLLL
148,Not Playboy
149,Slava Del Rey
150,Carapuuteuuh
151,Ionian Master
152,Søulness
153,Gueshp0ke
154,Janvizzle
155,DeadInTheEnd
156,Pruegelpeter
157,Izumi16
158,Chacon
159,JL Chomage
160,SkurryFanBoy
161,Yoricc
162,XxshadowsofZEDxX
163,AdMiRaCle
164,SwissPatriarchy
165,TopTravellingBey
166,NazziUnDercovEr
167,PastaPasticciata
168,I love u EZ
169,cuboclem
170,Vires ƒeather
171,Eirikfyr
172,DynamitJürgen
173,Heung Min S0n 
174,LeeBaddis IV
175,Sandabat
176,laaaaalz
177,pemusnah
178,VexedShdow
179,Lidlwayne91
180,Voracious Blade
181,seńńa
182,EN MOT NIO
183,Airbom
184,Tele 1v9
185,maark
186,Euclidezz
187,ThunderrMonkey
188,Vendicatore01
189,lightPWZ
190,BeastHunteress
191,MyBladeisYours11
192,LoliConsumer47
193,Misajl
194,Ore no Sentaku
195,EIsa of Garendel
196,Zerbo3i
197,TheepicPrisma
198,YoussefBlh
199,DANIXRC16
200,Ămine
201,Poukouniet
202,Master of çaj
203,K9 Night
204,Aesthetic Animal
0,DON DHABI
1,Battozxz UWU
2,Akahashy
3,I LIKE FLIES
4,DaKin Kowine
5,Stire
6,dzmy
7,some coochie pls
8,sami bot
9,DeiviJonnes
10,Nikkixcool
11,FedeFrankThise
12,BlindHubaish
13,Mausidze
14,smilence
15,Adollf
16,10 IQ RightClick
17,S10 ISS SO FUN
18,MaHuMapKo
19,YONEDADDY69
20,The Worst Ezreal
21,willman89x
22,Twitter FaxD
23,Steleus
24,Ìtáchí
25,WiChoZ
26,VB Loucxie
27,VELkopKOZelDark
28,Creąm
29,GodSkomis
30,Enfeeb
31,4W2O6K3
32,JoaDaProZ
33,TheLastKiller
34,Kuudere RIven
35,Stück69
36,Dagal12
37,markivsa
38,Zero Motivation
39,Taki YEBAK
40,BaguetteLucifer
41,Drkness138
42,Aek RiCH
43,cWillie
44,Jesus had GA
45,Skipper KB
46,Machonacho1
47,amithepresident
48,MïkeLitorïs
49,The Croums
50,guilhas72
51,Hi Im Lumia
52,Rebel Tobi
53,0 Zacarit 0
54,Light Opal
55,Flawzie
56,2HaloBlade2
57,ΚAΎΝ
58,Chunchunmaro
59,zBuddha
60,Shadeslayer98
61,LightFireA
62,PermaBanSamurai
63,Ischï
64,MrFahren
65,Paviel Rochnyak
66,Pasdeboldutout
67,Yung Nade
68,Loyal Voracity
69,OnlyPlay4KDA
70,Sekera
71,JIANG ZHEN YU
72,zozoricardo
73,Mommo93
74,trollflameur
75,Med Sifriiw
76,IlolololololI
77,Raphs Riven
78,soul of ks 365
79,Jeue Viole Grace
80,SuppHabibi
81,Skepta11
82,CanFailMyhooks
83,Scool2014
84,ImNotPullingOut
85,Hybby
86,errosoibaf
87,apo samer
88,BlackRe4cher
89,xSoloFarmer
90,G2 Leonidas
91,eroMorpheus
92,Senze
93,DarKLorD619
94,URKOFREDO05
95,BachD1onosys
96,NYasuo
97,ILoveTiaRa
98,JaviXu96
99,NogsteedsTuur
100,Cilcilkiller
101,Shaaawnyaya
102,Fluent Motion V3
103,Poppy Chan
104,śhu v2
105,Doihef
106,LVL ÐEATH
107,DualNova
108,PFTG Dernimpert
109,MarioCSDJ
110,Lewís
111,FK Sharoy
112,Rodeeur
113,xphreak5
114,Tamazu dono
115,The Black Yang
116,MrMich21
117,staarisback
118,Watamori
119,rivv
120,Herdraon
121,Serjux
122,YASUO BIG BLADE 
123,muertes13
124,Clanc
125,xHaustiv
126,Death IXI
127,IlllIlllIllIlIII
128,RG Darkey
129,catchafizz
130,HotLikeIgnite
131,Asotame Gakta 3
132,MainIsCarryBro
133,DerBABAeywah
134,Turbo Cigar
135,WhereIsMyCiggar
136,Baumí
137, QQ ousaY 
138,bejito da carro
139,Jujux21
140,m1tsuu
141,Salty Zeo
142,Unseen Tempest
143,MarcoHai
144,XaReeD
145,M0RTYP0RTY
146,Hry38
147,XxXKaluXxX
148,KOKenShen
149,FKhaldi
150,Almsilvi
151,Ericneitor
152,Kron131
153,Jaadi
154,ªCaius Balladª
155,xBattousai
156,naf7a
157,Black Spongebob
158,Leggiàk
159,Buriches
160,AwYeMrKrabs
161,TKanekiG
162,blackstarneko
163,RAYMONDZZ
164,PauREKT
165,DONT FEED SINGED
166,Dintel01
167,Tukkerr
168,Ich bims Döner
169,glumand3r
170,Mike Shinoda
171,B U F F M A R K
172,AthyR
173,Ðerringer
174,this is my main1
175,TheRezzer43
176,ziosorre is back
177,Vallkill
178,Jevajongman
179,BeStHunTeRIR
180,TheNightMarè
181,Agressive Yasuo
182,glorypath
183,PouletLeThug
184,Elmejo98
185,khoalinhnguyen
186,LCDD Shizuka
187,Katarinaze
188,Ekko Sal OÇ
189,Mølden 
190,KanyeAndRhaast
191,Shi nο kage
192,Witchikori
193,Mataeh
194,Nedgard2
195,slinkedink
196,FireRedNRV
197,Ekko di Luden
198,SigDonatoScarli
199,Khaalasio
200,KhileRedline
201,Cj Entus Epsylon
202,DTS HighKill
203,I KARL ESS I
204,Stampfkartöffel
0,LICK my axe
1,G7bu
2,Mentos49
3,HiKaRuuuuu
4,FunkyGroover
5,Morteiisen
6,Nikus
7,Michael Ngo
8,ninjajon
9,Simodevereaux
10,dyslexical ivern
11,Auroxx
12,DRYENGAMERS
13,Creamsnegl
14,PEP Zieh
15,huzmusen
16,Ak95
17,WildTemo
18,AT HekorSON
19,lole1342
20,Sn3akyy
21,Chruto
22,Visionmane
23,Bílly Herrington
24,Molly Parker
25,ImAlno
26,KR Naruto
27,D e s t i n y ˉ
28,BeGoD
29,KOC Corin Reveck
30,Horned Giraffe
31,OGT T1 Henne
32,Ξ MΣDUSΔ Ξ
33,AirdanyG
34,FeelsGoodToFeed
35,Maisa
36,ninja on pyjama
37,iKuitsa
38,Shxnez
39,Demäx
40,VitoBandito77
41,D3nsetsu
42,Åndãwaÿ
43,Lceflem
44,UndeadPoneY
45,e boys go die
46,Moechiii
47,Lé fast AF boi
48,best ignoranza
49,ProLamfia
50,pls buff ahri
51,DrøpDΞAD
52,Â Lost Wanderer
53,Mañana Biología
54,KeepoMaster
55,thmEU
56,ScharferJahn
57,BIindIsDaddy
58,Lucalix420
59,Sixwind
60,8abar
61,Scaribor
62,balermero33
63,LeeUltedMyKnee
64,AlphaGopnik
65,SwA Xineko
66,Acrydix
67,LFnS PapaFranku
68,Gr Cars
69,H3raKut
70,Martyno92
71,Cathene
72,Korean Insec Inc
73,ASAPLentediertje
74,DrDud4
75,ImaginationRift
76,TXM AleCormy
77,3    Chocolate
78,Deaku
79,Fonix V2
80,DoritoChocolate
81,xSnaKe1337
82,theHukk
83,MonkeyeiskaltV2
84,ToxBOO
85,Cerevisi
86,TITTITIITITI
87,Sou Teu Fã
88,AdeLeDz
89,LT Aquazod
90,ForbHulk
91,hellomonster1004
92,Niceteamdude
93,Pablo99
94,MCDemsdu24
95,TvBs
96,zbbo
97,DeathStroke III
98,L9 Nick Gehr
99,Aitorbacter
100,nileriover
101,ÐICĘ
102,ali13000
103,Twinkled Toplane
104,Degosama
105,Anraffin
106,BlueEgypt
107,MBAMVP
108,Servusbouschi2
109,kapolita
110,METASlaveForLP
111,xTGx
112,MainWilDuck
113,Jena Lee Sìn
114,RPOXI
115,MoeBiLois
116,Ladacus
117,Ryan Cherki
118,born2betabouret
119,FatiaKeh
120,Ultra Black hole
121,Mido Kami Sama
122,KAIYUYANG
123,Lubichowo ADC
124,miniondeader
125,Ryuxz
126,Høbi
127,WA ya FOX
128,CharmFatBlindMan
129,Moving Wings
130,XiDiaeoV2
131,l RIVEN l
132,Reform is Beta
133,Int to Victory
134,Capra Lord
135,Trotk1727
136,Taiyeun
137,Aerieleos
138,LaDama17
139,EastGatesoraka
140,LemosJr
141,AnaemicNymph
142,ediespaghetti
143,JUNO23X
144,IF IceStrenght
145,midtilter
146,PLAY WITH FIRE
147,stewie2k2
148,Cigarette
149,Sloopzz
150,Shöto Todoroki
151,Humbucker
152,JÌñχ
153,BronzeKikoulol
154,YaasuoD
155,MirVaisselleTest
156,SBrody
157,lioco08
158,itzsonzy
159,STMG Bobby
160,7bay2ozo
161,New Zealand
162,KI Marquis
163,AtsutaJinja
164,Æt er
165,FRTZERFÜRIMMER
166,Nyktofilia
167,xNearK ThreshGOD
168,DerSmurf40
169,GilbertDépanneur
170,NSL Papi
171,Hagusa
172,kablosabros
173,STI AlexGood
174,Dáddy Jin
175,YouJustGotZEDDED
176,fedixr
177,EfsaneTalhaSinan
178,TeemoIsBehind U
179,PandaDespotism
180,warlordch1
181,Strafer14
182,Vicjen05
183,Ultimate Jiren
184,Karaamjeet
185,Boss of Fiora
186,Styr1
187,Ðëâthmârk
188,Bumblimblublé
189,ErdbeerenBeschte
190,Bizzero
191,ωarπeg κimura
192,lefabulousCarl
193,Buff Yasuo Pls
194,Yveltal444
195,Xen09990999
196,Tryhard v2
197,lacarpett
198,iyedreus11
199,Joni2I2
200,BG FullSeng
201,I Fero I
202,Blood Elf SP
203,Yattaa
204,TellYourBrother
0,Alakasız Sona
1,Bennouze
2,Lil Pump
3,BA2
4,RPKZDR
5,Blak Slav Wrking
6,DrilleNissen
7,Snowink
8,Quitlle
9,Threxes
10,Nikhihik
11,YasH00Iam
12,Captain ıvy
13,i seek failure
14,Brynjár
15,NoIwenn
16,Yąśuo
17,Spectra MBB
18,Roeslin
19,Koncrete
20,madmartex
21,FanjaGarmer
22,Nicoups V2
23,HellsingT
24,Binali Storm
25,chucc
26,GoranV2
27,V E T 0
28,gp3008
29,SSQ Lævateinn
30,Aperta Fenestra
31,Àko
32,hinaminienanami
33,Blade of Wuju
34,akedia
35,Szymans
36,AK47ALl
37,phlêp
38,BoutFonast
39,Reklaw Nala
40,KhO SaBrin
41,LolisFunTheySaid
42,Your Perfect
43,Trap Harvest
44,Kcwahs
45,Daungtter
46,ComradeShumo
47,Eizekel
48,MagicDaniels12
49,JustTroll77
50,zXInVictusXz
51,Hagarit
52,IBuyAtMercadona
53,GigaNiggà
54,183cm 73kg 21cm
55,MercyPoro
56,KneeF
57,Alicia uwu
58,worst supp ne
59,SKT  BrokenBlade
60,Kata All Lanes
61,iLoveMySêlf
62,Ulysse310
63,Sasµke
64,meifen14
65,MilosTime
66,MalzoMatic
67,OuzKa
68,LeeBronce
69,Hi Im Blaydes
70,V9 George
71,tempname13551
72,Caefarmac
73,YugiLove
74,IIlIIIIlIllII
75,DriverLongzy
76,Xavier1426
77,Caitlyner
78,OV1X
79,Sam Hyde
80,Kawaii lil egirl
81,Twa1ce
82,ZedWithSkill
83,Pate a Sel
84,Ahegao Creampie
85,Thyke GOD
86,BunnyPuupuuu
87,LyftLover
88,AbyssChan
89,Hthee
90,Slaysh Vel Koz
91,PapaDwarfDa2
92,iD4RS1D3R
93,BishoFeote
94,afl6on
95,bronze5cestdrole
96,WalkingTumor420
97,Yeezus EUW
98,Sapphyz
99,YOUCEF PRO DZ
100,LL Polish
101,Meepo is back
102,BLANK  shura
103,JarvanDémission
104,Daeyaa
105,FT Ziyang
106,HiImParaPoro
107,Offenes
108,Bruíser
109,Antiopie
110,Je suis le Gosu 
111,Cypria
112,ΡHOΞNIX
113,αηαηαs
114,Pinku Hana
115,Ward For Vision
116,RP Merdo Bey
117,M1chiii
118,AlFaWalker
119,Aazzn
120,0 Personality
121,Isloz
122,Rambo Kuken
123,hi im Pawliee
124,Anniuttt
125,Armless Thresh
126,painxzzLuvsTolgi
127,P0rnstar Velkoz
128,ImRyZeh FR
129,BlameTheYasuo
130,Justbeaglez
131,kha xinzhao
132,shanbosz
133,tony77550
134,Haïseh
135,multiplagofast
136,KayleYourself v2
137,Sun Monkeyking97
138,TheMightOfLokfar
139,Koffi47
140,Where Is My Pre
141,RenaudFangirl
142,GæYSUO
143,spongebob6481241
144,Thıs yasuo
145,Ákàlì
146,weàther
147,Flosse13
148,Tragicok
149,TheChristmas II
150,07 07 2017
151,Taijiri
152,Yeti Boy Abuser
153,XDXDXDXDXDXXDXDD
154,Muây Thâi
155,Měliodas
156,Savie
157,Bοb Razowski
158,Ralfzz
159,MoarStacks
160,Handful of Dust
161,Paxxi
162,Pacco Tullo
163,Jeldritch
164,JacobTheŻaba
165,FLSTR
166,Pontiff Oskar
167,Hyper boner
168,S04 Dylan
169,OBLIVI0N
170,xshafflex
171,Makhlin
172,YouAreAllToBlame
173,DaeKhoa
174,Unskillfulix
175,Milkman30
176,m0rq
177,JamesMacrazy
178,Mr Hecarum
179,YouLostLittleBoy
180,fuZzyEUW
181,I Kiss Lolis
182,FNC Endrju
183,FAT KAS PER SON 
184,pappaaan
185,1Ragheb
186,yas on bush
187,Memes03
188,MelekLégère
189,Max San Tyson
190,Mordeath
191,DIGHIDINGO
192,Dimmadome
193,lycxxn0v0
194,Hi i m Daily 
195,JinAzzazel
196,CH40T Devil
197,BARD SlMPSON
198,Ulve
199,MarcyEmpress
200,K1D High Hopes
201,Angussino
202,Gehaku
203,Codogno
204,renNvo
0,L1NKMAN
1,Loya
2,dali 18
3,OnlyAmumuCARRY
4,Zaldakar
5,Hasabbi
6,famagusta06
7,brutalhit
8,FlxShot
9,Themiguest
10,Chocolatkitty
11,kittening926
12,dinfarstinker
13,NatFair
14,sleet44
15,TranKill
16,Sea Lion
17,Sladee
18,TeddiWasTaken
19,Broca
20,Cover The Egg
21,Avdiç
22,Hi im Ati
23,Guhad
24,XLiveX
25,Black Jésus
26,ahmd90
27,mahmud eat pig
28,Javvelinn
29,KillerFran23
30,Monkey D Rihem1
31,Vectorubick
32,Oceliot
33,Spliffstrau
34,JIMOXIAOCAOMEI
35,beis Massacro
36,e1m1ha
37,Alejandro6875
38,SilverHawk0
39,Res93
40,B1ackUnicorn
41,Furioxys
42,JESUISNULENADC
43,Nescarti
44,ZixerFromYT
45,Virus Intoxi
46,Reìnar
47,Hanzo786
48,HiImBestYasuoEuw
49,K41M1
50,Baeksu
51,XPain11
52,GG BenQ Hamza
53,poppyafterdark
54,LegennDarius
55,KiLLer5498
56,Vaynemobil
57,Kei Tsukishimă
58,gottlobb
59,PAIN Artikel13
60,Blinkatt
61,TEMOOLESTER
62,Snowiye
63,XDappnowDX
64,Aurelion what
65,JonnyCL11
66,Asphodèle
67,iziFranzy
68,seraXabi
69,EstaGiova95
70,0riani
71,FADI TN1
72,Lost82
73,yoz24
74,TSM CarloConti
75,thehunterofekko
76,WhiteBlackSB
77,Pridee
78,6 Jarige Rus
79,ViewPsychoSleep
80,Hybridone
81,1mTheMonkey
82,golda125
83,Aveyron22
84,Oh Oh Charrso
85,Ixcapel
86,LucyAkiyama
87,Ra3d Matr
88,Nomadix26
89,TentaclesRap3
90,SWIX IS BACK
91,warmito reventón
92,DSRailGun
93,fapfapQ
94,RC Eren Jäger
95,N0L0v3
96,Choupette2323
97,profèssor jhin
98,DragonBeatss
99,TheDankestMandem
100,Datavocr
101,SworÐØƒÐeath
102,ThadoiusS
103,Marziy
104,CytherioX
105,Wuschlong 
106,Where is Bronze
107,Mihajlo08
108,vladiweed23
109,ZaCARRYa
110,Sanko7
111,Ile31
112,God Deputy M
113,Golden Hunter
114,Sneezy01
115,Xednar
116,WELY
117,Biwxlow
118,Mesrine v8
119,Asheraf
120,AEMOVAFLASH
121,ChaosMuthaF
122,Rhoddy
123,Sapphïres
124,808 Mabz
125,MrCerai
126,Okinito
127,Inuyasha1000
128,R136c
129,wdh11
130,ZyperHyper
131,guiliem
132,pololama
133,Zerstörung002
134,Brand Main
135,Mathijsssssssss
136,gaspardtaulard
137,Herr der Fritten
138,InazumanBoy
139,ım master a plyr
140,RAGE0
141,Techkoms
142,Tides of BIood
143,Arthèmis
144,ThomasderElefant
145,Im Chick Hicks
146,Lowlen
147,OwreallyOp
148,ILordAirI
149,GεntlεMan
150,hamzaIIx
151,EnglishMalteser
152,Beneseppl
153,Parkwolf
154,3 G E B 
155,Spam3rAL
156,Ώ Lee Sin Ώ
157,Italy2006
158,Danaxuss
159,cndyksh
160,YujiroG
161,mate343
162,p3wp3w v2
163,paya13bot
164,as332211
165,Terleria
166,An1ki
167,LuiKing23
168,KleiberHD
169,chovquicourt
170,xXAirTigerXx
171,E3S KaroZzz
172,ALUCARDD9
173,Arια
174,Profesional int
175,FreeTheTree
176,Wichose
177,Eyè of Sóren
178,NanniGaranzia
179,Alwinster14
180,xNightxCrawlerx
181,xXxMORTERxXx
182,tizioincognito3
183,TheXarf
184,Ciibrààh
185,Grego261004
186,gaara01
187,Dolan Garros
188,xXDrinokyXx
189,XDerChallenger
190,hi im blumbo 
191,diannolix
192,yodasoda1
193,Cinii
194,The Street Calls
195,Dragn99
196,OMG du noop
197,BOYYIFYOUDONT
198,Tonypandy Pwff
199,starlong25
200,ToxiiqPlaYer
201,MisticSK
202,PSeraphim
203,Mia Walkey
204,xXSchrottiXx
0,WhiteOniion
1,Smurf CJ Zagnar
2,Güccük Osman
3,PØLLE
4,HadesTAC
5,ZoknisTeknős
6,Korean proo
7,SeekerYeti
8,Vukooo
9,ChocolateCookiie
10,Líndstedt
11,ROMIRO
12,icepep
13,Zyphosys
14,ºÝoùÇäntSkípMëº
15,a huli blea
16,Cons
17,sarumaneEs
18,KoRbonesh 
19,I III MMXłX
20,rexìle
21,Zankrow
22,durma21
23,KumCokeKoolAid
24,Whilina
25,Eskisehirsporr
26,Horror of bronze
27,Albus Silente
28,Uncle tbn
29,Lag Lxrd
30,VatsuG
31,TAhT NiGhT
32,ALPrince
33,Dark Spray
34,JuliaGladh
35,Tjackmack AB
36,Pn Couragement
37,tamilking
38,rtbf233079643
39,jeronimidis
40,Cor0nas
41,9690
42,BlacksDemon
43,Knj Kurayami
44,xxxDarkSlidarxxx
45,Pop0yê
46,Amir69003
47,klimpo
48,ScorcH902
49,Filthy Pranks
50,Jean PauI Sartre
51,ζεπο
52,BronzZze5
53,Mona
54,namchok
55,deltaw
56,treehouseppl
57,SpinnerSelax
58,feed b0i
59,Yomαshi
60,Guerrero Furia
61,abmksa05
62,RiverUK
63,Th3CrazyMagician
64,XxXFallatasXxX
65,BN ace
66,bombondelicor69
67,Blaze419
68,Venomous69
69,Forrest Grump1v9
70,YISUS JHS
71,Tsukeiro
72,G0Hard 0r GoH0me
73,Nambudabedji
74,Tioncito
75,Hi im Krash
76,Gornado11
77,Lunά
78,21Yuma
79,JustMusta2
80,ZabawiamCiKota
81,I give CC
82,L4S3RTURK3N
83,qfapq
84, Humòngous Dong
85,Necromasia
86,Comiiing
87,faithindawn
88,Elemmë
89,teswaggo
90,Nemamiah
91,MasterMegaForce
92,Roosette
93,EZAAAX
94,nocturnal99
95,BakireTurp
96,Juki099
97,VCK
98,chiligui
99,Stein1988
100,RF81
101,TeamSoloMeZebra
102,Main Mid Annie
103,Vater von Jesus
104,Mid or troll
105,Akira Yuki 
106,SKarSkarSkaner
107,Cushionap
108,Erikondo2222
109,SCKAT0S
110,Ellhoir
111,MASTER238
112,xJuS
113,XxAlexzape92xX
114,etenot
115,Kyuichii
116,ThatWàsEpic
117,IrgendSoNenDude
118,Chicken Nuggers
119,Twítch Prime
120,IamJakk
121,Miko Suki 
122,HerrHönig
123,You2Funny
124,Solo carry 2k17
125,TonyX17
126,PepeDemonSlayer
127,MettwurstMax
128,Nartt68
129,ZAMOLX1S
130,Aramιs Fuster
131,Saint Riv3n
132,KS Diva Queen 
133,TheDeathGoddess
134,Chouwchouw
135,Delirivm
136,Enistenin50Tonu
137,jank04
138,RetardedOpossum
139,abelsooa
140,xArcher
141,IlMiticoWeaboo
142,CyberAmine
143,ShikaBlyat
144,yasou main boom
145,Mürtαgh
146,twitch145
147,ZagoLos
148,Justinleon85
149,Runciks
150,SnS YaiBa
151,pcmangin
152,Berwar
153,Archimonder2000
154,IlIllIllIIllIlI
155,Chef KaSien
156,gatta3jeek
157,Kringord
158,Semmy3vi
159,uniq0rn546
160,Beelastend
161,Unban2
162,IamBullSS
163,Chimpunkey99
164,Synnbi
165,bwhl
166,PL0 K00N
167,EkkoLovesMilf
168,Yunakirai
169,OpasKoksKinas
170,terracos
171,greetd3nd
172,shaco7
173,crown LepaBrena
174,3aqrb
175,Rabidil
176,Rıla
177,X Pyr0
178,SI SI UNO TACO
179,Ectasio2607
180,Dima Swift
181,LATOURISTADUNET
182,FiorasWaifu
183,BinkyBunny
184,Coca zéro
185,Tathérgang
186,Echo2017
187,IVPxblo
188,MDaDES
189,Sukacita
190,I Scream
191,DuDuGamer125
192,Magnaccio99
193,Uness07
194,frostas nx
195,Rekt Hahaha
196,Matekss
197,InMyBrainAFK
198,LrdDMT
199,TPA Pita
200,lApplel
201,azyas
202,Aihtiram
203,KaoS SwiSSter
204,ZeRux2001
0,YARRAK BASI 
1,tazos cheetos
2,Hi im Kedde
3,Daryl42O
4,Purple Wings
5,rimbl3
6,El Hopaness
7,WhosYoUrDÁDdy
8,CarritosDami UwU
9,Swenna
10,BlastingDiarrhea
11,OleH2111
12,BobbiStreamer
13,Zilean Simpleton
14,Ghórst
15,SOE MhStR
16,Fluffy Hulk
17,Amazeful
18,xBo3oFx
19,kTmX1
20,The Phoenix op
21,TFX ReneX
22,xv2wolf
23,Arcangelus1981
24,ALMANSOORIIIII
25,MyGoRGeuS
26,flycker001
27,Pegers
28,Riki Thompson
29,Yabishh
30,Ninolok
31,Sampsonk
32,UNARMED LEONA
33,OAlive
34,zauzy
35,Def BunasılFlow
36,PizzaMaster
37,XxProCaTxX
38,6th Girls sense
39,Hovda
40,M0ngata
41,Señortaco
42,Alexander Wang
43,kaktus1
44,PedoPedel
45,DizzyKing
46,StarStruckz
47,jêromê
48,Valor is Coming
49,TimSCik
50,Coppa04
51,Oo I Love Jul oO
52,ZDalvik
53,r u cereal17
54,I3luex3
55,elbokeronfanboy
56,Bowaq
57,one black man
58,FantomHif
59,MorrisMaster1
60,BooHoo91
61,Satyrabgrund
62,Babakuky
63,Kommodo
64,ÆmREBeY
65,reneoss
66,Maurice is Noob
67,GanjaMan02
68,LuciferIsLove
69,Lapfi
70,4ykuT
71,UreLikeEveryone
72,Ruphas Mafahl
73,xTheKartoffel1
74,AVENGEREE
75,KINGDOM OF CHAOS
76,Lord Of Feed 69
77,CcCFurkan
78,oblsf
79,Fizz or afk
80,ANHTUAN98
81,r6d9
82,InFajaWeTrust
83,BR1 RAKAN
84,Niki324
85,TheWuking1
86,patulalulav2
87,Mister Mjao
88,FlashMyLanter
89,Letme AFK
90,LaLiLunar
91,guillegalve
92,NiezłyAlbanczyk
93,AP Ríven
94,néo Père castor
95,Nö öne
96,Sâpoto No Dokutâ
97,Ares ªˇ
98,Nickledion
99,Luana12
100,Ofjuuu
101,YummiHD
102,ALSEN Veggie
103,EMERYY
104,BackToTheRelease
105,DerDomeNA
106,LazyOyster
107,TextaGame
108,9B4DB0Y2
109,ForgottenÊxile
110,Maarten214
111,Adële
112,D4RSMURF
113,ZwaNnz
114,Legendary Rumble
115,Death13n2
116,ElditoreHD
117,AmmarL
118,nikel der große
119,lRav
120,Lirettee
121,snipermc100
122,buttaceiguanti
123,IF8 DreamBoy
124,Henuz Vlad
125,ADC was dead
126,math04ThePro
127,lxlKakashi
128,AlexAlex498
129,draven thz best
130,BrummBeear
131,Killyurself
132,ZitouniDZ
133,Avacyn333
134,Gabbyto
135,sous10
136,C4Z01
137,dark wolf76
138,Rei Ickaro
139,Temperslaze
140,AjandroMLG
141,ERF23
142,Kσgan
143,BiuBiuBlue
144,Hollendsted
145,MrArxer14
146,hi im azazel
147,SPeedyZoZo
148,RRampageE
149,TrustTheMotion
150,KeusTv
151,Satanismus
152,MgLaSorroW
153,Nessuna pietà
154,CelmiMiller
155,TheCherub15
156,2Pac ft Ice Cube
157,FoolsId0l
158,Big Bad Bard
159,Axept
160,desolé mec
161,Madame Pigeônne
162,lIPYKEll
163,Schussel
164,Orvokki241
165,3cn3xaM
166,LuxLovêr
167,iokal
168,Gyoza
169,Raptyde
170,UnaekTryharder
171,LetalswordD21
172,thegamerproEU
173,Aaron333
174,Tatsùmì
175,ButterBirne16
176,Akkaaii
177,Naawd
178,xxxnevirxxx
179,Her Vayne
180,Again Mattia
181,DøubÌeH
182,AlwaysDrunkToWin
183,ADULAO
184,Patron Army
185,SunnyCot
186,Mr MasterChief
187,Gravity Diamond
188,EkkoUsedOneshot
189,Yoodax
190,Gorgonzalez
191,KenjiShigeaki
192,Dziki Tomaszek
193,efadtd
194,Nroove
195,KKvM
196,Croqueta FanBoy
197,Legendryvampire
198,Iscot31
199,Mazalli
200,MAIRKAI L7WAY
201,JisheurPro
202,Evil1nf3ctor
203,GFate
204,StevieBear117
0,Kid Poker
1,Magnıfıcant
2,Engvvn
3,Marius Mihai
4,how to eat kebab
5,Hairy Asol
6,FisMinisteren
7,Mukspeikko
8,FFK Piccaboo
9,Ecklbro
10,A cotton plant
11,Skuupi
12,Trick to S
13,Kitkatpeople
14,Frosty Ron
15,zebber1104
16,Linalbina
17,Encanisa
18,Hextech Bullet
19,acoustic donkey
20,SOE Hashish
21,JKingpk
22,EnJhineer2Axes
23,Straaand
24,MiguelB
25,Im adc main
26,Vichousi
27,iTata
28,HDE Hazar
29,foreff
30,Only  AP Reng4r
31,Jo01
32,gaahlie
33,pLEEseGank
34,movetoscuttle
35,Mejnun
36,Que Ascø Døy
37,HarBolletDinFar
38,Akameta
39,Hide on Siles
40,StopTeemoPls
41,Ezarys
42,WàZe v2
43,chui pétrologue
44,cocol4sticot
45,Waıt
46,MR Tek HücreIi
47,Sakurasawa
48,Walgore999
49,VadlaBoi
50,agorama
51,Feels Vayned M8
52,Sunburstzor
53,MarufMIRO
54,LeeSinisBoosted
55,K0mpY
56,WardLivesMatter
57,ÔTP Rîvën
58,H3nce
59,DievasTRG
60,klervenus
61,DahmX
62,Niqqan00b666
63,Gygr
64,PKP Snow
65,ArKaDaTaˉ
66,TheFieryMonk
67,TayneVlLT
68,Redfïre
69,Sava ty gonduras
70,bloomerface
71,KaysorSmurf
72,libeloula123
73,flawlessHeadshot
74,Dive No0ThinG 
75,MORTHKAISER
76,ionlythresh123
77,NeoNOzzY
78,keksiplayer
79,ItsTixel
80,Kenjı
81,K1TTY
82,Grilled Parsnip
83,Perrito asustado
84,Isolati0n
85,Ožka
86,Nvict
87,JáJá Tem Mais
88,TheWhiteLegend06
89,icemanCDMT
90,Mentholée
91,aleix4444
92,THB Sova
93,Dyrus Beast
94,Sol0Fox
95,TDV Bomba
96,Saiaku adc
97,Hisoro
98,Impácts
99,Aldana69
100,HandicappedJung
101,AliEghbal 1
102,Schminion
103,MAYOADCQT
104,GokkeDyrett
105,AUTOFILL RIVEN
106,RuneScape OS
107,HN Morpheus
108,BraveOpossum
109,wojtek17
110,xHeyimmvp
111,Infurnii
112,m4kOnkY
113,Animeks
114,NlCE SHOT
115,MuchW0wSuchSkill
116,The Dream Is Up
117,salmidanach74
118,Tease To Please
119,Azaleya
120,KrakarOG
121,Vanbilderasss
122,Lulublamp
123,PotentialGaming
124,rezas03
125,jobbet
126,dennisolp12343
127,Skayis
128,The Jumpscare
129,GSTOP
130,Ninja Shôyo
131,titsandbuts
132,Riyul
133,KaNeKi       0
134,Cheese Eater
135,SituationalJokes
136,inte ens donken
137,TeedyTeddo
138,DerSuperSchlinge
139,TerryBogard7
140,AnimeTittyExpert
141,Fyuututeruu
142,dewhykay
143,Trust flex
144,Pixelchampion
145,HIRÇIN
146,Tryndaerem
147,RafaelBVB
148,Palamedes1830
149,Chewierwizard76
150,Odamori
151,fiftycent
152,WatchOutImKamil
153,WATTAFAK QQ
154,DM Harvey
155,OnlyDiarrhea
156,Shistuke
157,xKrraker
158,xKìtø
159,Whizma
160,BaNdiCøØt
161,arifibimat
162,PRIX NOBEL JGL
163,SStubbis
164,ChuisUnBaton
165,Krejzi0
166,Cikalovac
167,Roathaasin
168,SMN REKAF
169,Harduzki
170,Full AP Lysithea
171,Septik iz BK
172,ElyA 7
173,princessparadise
174,Str0umfostrange
175,XD all vs yasuo
176,EzBarraza
177,Almutena
178,Ecl1pt1c
179,XxxKiraxxX
180,W00LFee
181,ReconGr
182,Miserαble Life
183,boulam3a 13
184,askxs
185,TheDiionisus
186,DedePiotras
187,Bard Le Déglingo
188,RoyRoyal
189,pëpëga
190,365 FRESH
191,Magnecruel
192,GoldenSlams
193,Auron011
194,ShiftToWin
195,cherrymcgerry
196,pernasty
197,Nyxfire v2
198,KxnFetti
199,Ez Bezi
200,Platinkerze
201,PhantomToast77
202,WinterAI
203,Sliiep
204,Faıry TALE
0,mattienijland
1,HZz Turco
2,Darkwarrior
3,WOLVERINEEE
4,GoagoreZED
5,C9 xaLo
6,Unreachable Just
7,3vIldEvIl
8,Bladeless
9,A Dona do RATO
10,redtoine
11,Nigthsigh
12,Ünlucky
13,HTC9
14,vLecheFrita
15,LORD CELEBORN I
16,mallet123
17,lloullou11
18,TheStoryGames
19,Rectooz
20,DaRk55xD
21,SupHermannn
22,Samulay14
23,ÐOPPIÆSSE
24,Taclygary
25,tirannorex1209
26,CoBBaNLf
27,PegorGOD
28,Mazikexn
29,iZunLeK
30,Eritmus
31,mendelito
32,erenyeager2
33,AmmOuie
34,emfollotaeuga
35,Carliñas
36,xXhamzalcXx
37,RemasteredTop
38,XxDarkNeoTyquexX
39,joelvski
40,Gawal
41,Soozin
42,ElPedropaHD
43,Colonel Bot
44,BesTYasuoGg12
45,Hades ψ
46,kittc4t
47,je KaRy32
48,DAFTSKWRL
49,mansana
50,ISMICH
51,DarkYasuoKiller
52,UdriMusic
53,Gilgamesh100
54,KRrOokLaPomme
55,kirikuto
56,ShenMeNude
57,ClickPlay1226
58,TheeW0lf
59,JinGaming
60,Paran0id90Psych0
61,LenoxStrange
62,altair2988
63, a pris mon âme
64,Duca
65,Pissgat 
66,klyum
67,xxxNYXxxx
68,raspbe
69,miladhasan021
70,Fir3play
71,ILoveCarpet12
72,QLLET
73,FynNight
74,Zazon Fighter
75,DawnOfWarr
76,Gimlie03
77,EpicDarwiN
78,FenixAER
79,Fiaro3333
80,TheKingBroDS5
81,MakeAwish001
82,DragonHunter190
83,IIIIILeweyIIIII
84,kou11
85,GriN Marihuana
86,Isabeltpl
87,DustiBawls
88,jonhcena135
89,Benutzer4
90,ThIGrAbUnKnOwN
91,Leoncp2002
92,Pakramish
93,PneuMan
94,FireBoltEst
95,DreamRunner123
96,Wolfing13
97,RVG Jamais l un
98,SlimKiller64
99,3GODLIESALL3
100,Cubba2010
101,loosalotplayer
102,Talos09
103,garmanarmanarg
104,Arturo566
105,EternalTactics
106,SetrocYT
107,TeemoTrickster
108,BsK Mul4nd3r
109,JustTif4Life
110,Engelgedanke
111,Trambolik14
112,DZsuper1234
113,Only the 5 acc
114,TheBlueDevil85
115,SatoraHime
116,IkerSMZZ
117,leag7890
118,Kagami1994
119,Spy Teemo
120,6chinese6woman6
121,Joan121212121212
122,TyMac23
123,JaCaRu02
124,JfK8899
125,Jule das Egril
126,CholeBoutoum
127,NirvanaReborn
128,dudolfje
129,vinvin0522
130,lock21
131,Santosbr2
132,Warter
133,Xanghi
134,LATTE TRENTO
135,su1n3G
136,BAGDAR
137,Claxxer
138,DEATHBOY10
139,WASPWASABI
140,noroshima12
141,dalurayo
142,Miazrael
143,CELOPEELO
144,xSynthesis
145,Pina76334
146,IrisLaW
147,Crusty Salsa
148,iu44
149,ThePois0N
150,Fir3Starter91
151,UnfireBird
152,Thunnderx
153,Nippeltwistér
154,Santosbr
155,ImProdex
156,MagicoPixelo
157,SilverGustav
158,Zlalex7
159,LulaMeh
160,Jxxmes
161,Pr3vent3r
162,U66Y
163,NILUCO44
164,LordDarkStark
165,FORTHEWINNER420
166,ISuckZed
167,20leirbag
168,Fyrebw
169,Chibibo
170,färg
171,JohnDosCenas
172,Nicekhra
173,ımaqtpie
174,Pünisherz
175,RasenShurik3n
176,taliban molvi
177,SpartacoTkstiga
178,RModder
179,IMilkshakeI
180,CSahcene
181,biunbiun
182,Fabio636
183,swekingkiller
184,Frolint Master
185,Omajinai
186,peggitha
187,Arkamkin
188,SpaceSepia
189,chyuka
190,BernatXDXD
191,HeroFistShadow
192,Judzin1337
193,abod506abod
194,Atanas24
195,DaksBeer
196,SmeagolMinaj
197,ArkoBlast fr
198,Ninjageden007
199,BBerry1410
200,Menteh
201,BlindEUWLee
202,AndreasKolez
203,MithrandirOlórin
204,Crøwnie cløwn
0,NoobsBetterRun
1,SenpaiFox
2,SpoelS
3,xXgame of IIIM6x
4,bu hendy
5,sebbelinDK
6,WOLFkingdk
7,High Elo Smurf
8,nightooi
9,davaroglan
10,JudoQ8
11,xBiMaSx
12,GradderS
13,LoneWolf974
14,TheWinnerGammer
15,SparkzSlayer
16,Kün Togdı
17,dushantmahey
18,TheHellBlack
19,green devil wolf
20,sal3oss
21,mortellune
22,Sínístra
23,athoxs
24,Raamen14
25,franxon
26,pamidora
27,veimund61
28,alooxis
29,hodenkobold0800
30,Nini El Moko
31,Clumsyyy
32,BoBack96
33,Crohiona
34,Karito
35,lbenj06
36,Katekato
37,hhekaa
38,Duke Arntsen
39,hevan
40,Eastiannany
41,Giginco
42,WhoIsThatgraves
43,javitosan
44,MarFlex2613
45,FNC SkyOfNight
46,Mifflin
47,lord hamood 1
48,Hewn19
49,borguii
50,Dusty1990
51,Frething
52,ThatsMyQueen
53,yRaqe
54,Maghura
55,fery8chelsea
56,iTzEaster
57,Antivlizar
58,Sxzzy
59,bast805
60,Lucaryans
61,akrosnike11
62,Arab Myth 
63,Tremegamer
64,Artem Molniya08
65,DexonLp
66,xWhyB
67,Sbas7on
68,Perrechiña
69,Ivoryy
70,Fist Me Ulla
71,SyrRockU
72,OwlsWillTakeOver
73,GibbsGazz
74,SCOSA
75,W4TD03ST33M0S4Y
76,1Valeeentin
77,bezzator
78,Cognaccc
79,PKGalac
80,Lad0g213
81,pain778
82,LoLpenta5
83,athena53
84,BlaqPqerl
85,KiG05
86,Ayas0
87,TheDesssert
88,Nonimon
89,msterslayer
90,najout72
91,Mnémosyne
92,GrimboYea
93,JAVIPALOCHINO
94,WooWoo69
95,kingsowon
96,jaddy07
97,WUCKFAVEZZ
98, LiKe R0cK StaR 
99,Spinnerratz
100,OROMISDELTA
101,funkybetina
102,SkyrexIsou
103,DriftKing80
104,volkanmagjeder
105,williareke
106,CreepERROR
107,Horsman
108,SnowAlex97
109,Cragblade
110,bimba molesta
111,Mhx4
112,MrDiamondXD
113,Riii1
114,TheSleepy04
115,lanshell77
116,RoXoct
117,Harpyja
118,DontkillmeVIII
119,DewRagSam
120,floocoon
121,MaDGuybrush
122,Jasmine1945
123,didacfaker
124,INico Nico NiiiI
125,Masamuneshizume
126,SoullessPickle
127,Atom Iskender
128,AnderssoN1
129,calle18
130,24Julius24
131,Af0nsco
132,sami1999co
133,D0pebwoy
134,shukata
135,thomate83
136,Viroking
137,ToniTuete
138,boby1315
139,BashGames555
140,autoCarrY99
141,Laatti
142,IR Matin80
143,Yeaaahhhboooiii
144,HideOnCartagena
145,itsFainZ
146,sanastas
147,UsamaZID
148,C0ntrolink
149,lothbrok ou55ama
150,Dapon Strildo
151,davidbionicPT
152,martinargi14
153,iduntfucwitu
154,Vadjalane
155,getDunked t1
156,joseka05
157,Maeuj
158,Limehey
159,PlatzPatronPaul
160,pausito02
161,shihab6
162,TergPro
163,Moguhlante
164,BenHB
165,DrSimosion
166,Saïterrib
167,SethIm
168,Inunaki
169,Mazequinn
170,BulldoZer D9
171,BananaJoye
172,Mpape
173,Fear Da God
174,nasrallahJM
175,Mercur02
176,Siplur1
177,Battlefox
178,Konyrad
179,franjavie1
180,GunnerJL
181,Xxsaif23xX
182,Spartiate244
183,D0ubleDeft
184,ma7amdddddd
185,Oscaralex
186,Kahvinkeitin31
187,PolPun
188,xXGIORDIXx
189,tpp03tpp
190,elCidPoleador
191,ON17
192,hyrulelink38
193,F3dex33
194,DANIELEANCONA
195,MrMenolas
196,randomJan1
197,bodyzayed
198,LGD Stryker
199,VZTTV
200,Constandse
201,blcksmle
202,kadirshen
203,Simokurapika
204,OnlyPress EGirl
0,noximyth
1,xHARAMx
2,Conquerorus
3,AM PL4x
4,TheNOOB98800
5,Karalyzed
6,Ziwro
7,GGPhreak
8,Detrucci
9,Justerini
10,Alatac
11,SR9726
12,JerryLeps
13,Slav CEO
14,422m
15,LowNONHashiHD
16,Real Franken 
17,JUKE leaving
18,Asesinoguille49
19,xKilluå
20,H2k Filsok
21,Biwoe iYD
22,mekkawy 22
23,zet497
24,namtagj
25,SomeHardNipples
26,Norman1411
27,JVeni
28,Bernardo2002pt
29,hr0x0
30,Angel öf Death
31,Botlane34
32,KingLP09
33,ShainaXKalissu 
34,El Gran Correa
35,IF8 Alexandre
36,DarkGhostAliance
37,Fibeu
38,Silverskale
39,NewsorR
40,ErTropi
41,samugetta
42,darkenergie14
43,PinguinoArmato
44,YMSword
45,SimoGaming
46,AinzOoelGown
47,Laof
48,MancoAntoni
49,CoinFlipSave
50,MattmadorGame
51,Sword Of Heroes
52,Sallami
53,Roller436YT
54,XTRi NdA MeReX
55,Matster64
56,testasto testoo
57,DeathCape
58,WarFire38
59,measdasd
60,beesareoutthere
61,Pyiin
62,NinjaUnijambiste
63,chado fig
64,SerocFox
65,MissCinderella
66,GolD Might
67,xetares
68,Chulord
69,ShyrøZ
70,Arnoze
71,xBlackDafnex
72,Brasilienwille
73,TheDes889troyer
74,Funédo
75,MTarek97
76,ArcticMoon
77,GroKeN1
78,ryuk31999
79,mambo52
80,LuneOfSoleil
81,Draxlearnı
82,Xarvers
83,FRKZ
84,MoonlightSparrow
85,Thom4sto
86,LukegamingTV13
87,AiinZ ModZ
88,Luigi026
89,ZEUSPC3
90,mabelettedeluxe
91,xPica3
92,DSS 2Koenzz
93,IsaGotPasion
94,ResisTenciaK
95,ihlerbyskov
96,Skdesnjosealnexo
97,Yosking
98,MrMeeseeks09
99,2ndloki
100,AriaThea
101,Everbiokdo
102,Haruhiko kun
103,BiG WoFLgUy 
104,TheDivineFury69
105,Yung JPSalt
106,Tixkster
107,Maitre dragonne2
108,TheZohan02
109,naoko0sora
110,chein111
111,midowillcarry
112,secret karma
113,Acorncheese
114,maximinion99
115,UndergroundSun
116,Sasperdm
117,LordNorgoret
118,ikazuN
119,Balester53
120,Marc888888
121,BabaBard
122,eetussa
123,TirNaNög
124,wuachichurro69
125,AnPlaCo
126,Mirixlol
127,LordRuin
128,EILERTSEN
129,Jagharlitenpp
130,Alteraa
131,Bekyla
132,Kaile46
133,m4ss4cre990207
134,sharkneido
135,ASASHIN11
136,peleila03
137,n0sale
138,ElSebosillo
139,ipkisas
140,ˆAiriˆ
141,ISR Sonix
142,akajonas
143,boyka  houssem
144,goldenara
145,RowdyFewer
146,Jungler Otaku
147,MrPlauge
148,MattMurdok1993
149,Bayron XD
150,hefetz
151,imabadyi
152,KELELIOS
153,RivenCanEvenSupp
154,bullgym102
155,txm0n
156,gguwe
157,DarkinMaiden
158,Rulillo
159,SAKA YAPANN1
160,Barfry34
161,Wolfkss
162,KayLoRzZ
163,CT AlfaK
164,JugoJugovice
165,kpn93
166,pyllo diaS
167,woppelele
168,Ya Sànsgod suO
169,Stormagetton
170,katalam01
171,MarksmanReformed
172,DAYOSHOPAY
173,Țaric
174,RazzItBro
175,Dawid667
176,Fallen Paradox
177,moadf15
178,Igothreenips
179,ðÓð
180,dripX
181,1HRNIKyno
182,storm715
183,0YouCan SeeMe
184,Rhinox25
185,Xiang888
186,Limaspermee
187,GhostXCL
188,Camilateur
189,YamaîKaîtô 
190,IM FCKING SEXY
191,PoweRZuzu
192,Baguette6000
193,IamAchileas
194,Dromeosauria
195,JeanMarieBigard
196,KarmaOGs
197,Crawler18
198,Klondike74
199,Head hunter 077
200,Deglation Nation
201,kinghdomlord
202,Anthophilâ
203,Ćhicken
204,Tanrebs01
0,Mesh AS 
1,Joker of Jukes
2,Mr Muminex
3,Inexprimable
4,Neemoo
5,BloodAngel
6,erfank
7,Allahım Ward Yok
8,Pmate01
9,Pixie Fairy
10,Chamyy
11,Frog the Thunder
12,SOUPorter
13,Mokkajave
14,Gåslars
15,ZeraksDownfal
16,MrGiggelson
17,AlexanderBuus1
18,Maple tan
19,Sc21
20,ja tu wymiatam
21,KoDeyMilkovich
22,micogo15
23,Kakushi buredo
24,REPORT THIS JGL
25,TryXr
26,ErVerdulero
27,urgotgaren
28,dkkid00
29,King Yassuo
30,LivingLegolas
31,DeathDevilEvil
32,NatsuDragneelM
33,ur2small
34,MollyNator187
35,zAlexNauts
36,Tsuna76
37,Power Ups
38,yy214
39,FAROUK  SE
40,Blayn89
41,DannyDinis
42,kinggrivous
43,Palaro
44,Thebronze78
45,CaptainRichgott
46,KerubimSama
47,Xanaado
48,patozvt
49,soon barrage
50,Bruva22
51,DingoWinGo111
52,Benavides6
53,Mastercheesecake
54,OrtosMega
55,TR Only Jungler
56,ivx0
57,Katchan76
58,RevyTwo
59,KingMontegro
60,Blango
61,A3KH
62,IAmLikeMe
63,dandan9777
64,HowToBeABronze
65,pablogarcia12
66,AsCE Fire Fist
67,acactuses
68,Beelzeb0ss
69,theblackracoons
70,Rayndyr
71,IKeep You Bronze
72,cinaror
73,rtbf233015377
74,EFS Frodo
75,Zeverex
76,teemoplanter
77,naruto5757
78,GÖD OF VAYNE
79,Majlene
80,kalogamersc
81,mr15007s
82,USsuspectS
83,Cøupe
84,AïeTomSUPP
85,MrChaoticBalance
86,DavidAgar
87,Âchillêss
88,bootyhunter210
89,Tamo vs Tanos
90,SionsWaraxe
91,NiGhTFirE 17K
92,Apy04
93,Pablurp
94,Fistful of pesos
95,Jawitp
96,crocorp
97,KatTrick on fire
98,MichouBrasil
99,  reigeon
100,GandolfWors
101,TheBarrelChain
102,M16Carbine
103,pissu
104,Izratonnik
105,BulletinDesk
106,diegoisabeast
107,1two3for
108,giochi gioco
109,CrisGuerrero11
110,PdataP
111,matejk
112,MusicSchool
113,ArenaCloser
114,yasuoMain2005 TR
115,AndersD13
116,Lind The King
117,6BecauseOFYou
118,MrBoneB
119,AshOcto
120,A Trash Riven
121,BLACK EQUINOX
122,killlerjoy
123,Jackkkk
124,Kninox
125,troisse
126,ccanterod68
127,sify42
128,FS211
129,ÂKKURT
130,lucas2a0712
131,SkyCookie1337
132,Satelyne
133,Vaniola
134,NBDYYYYY
135,Peet3354
136,Haazepq
137,BreitesKreuz412
138,Fentyrob
139,DjOdJiNiO
140,BadMonaLisa
141,YoPila
142,Joshk0
143,xMaFoga
144,EagleDanDy
145,MrHammerC0CK
146,aloulou7
147,Biurtax
148,redroiz
149,Vincyy12
150,Coudrayux
151,Faanteey
152,Justthetree
153,laulau2412
154,Shiniichii
155,Mystimk2
156,IÅI
157,OnlyNOP
158,Moist Buthole
159,Ninja Spirit
160,danael337
161,Almace3
162,Deadly Sting X
163,znidi8
164,SoulStyleV2K3
165,Vlabora
166,Your Nightmaree
167,Fang 117
168,Lesqual42
169,EDSIOT
170,erozoey
171,My5t1c
172,Blue6156
173,Noprèx
174,MuShaShi1
175,Rubilax01
176,lolflyvio
177,ItzAyouda
178,Kenneth Brain
179,Infamous Ratto
180,Mr Em0
181,yessinecapo
182,youssefsoldier
183,xXamineXxx
184,JudasvN
185,lsae
186,Lord Widoom
187,mynameisthi
188,I am a Cat
189,xxsaxofonxx
190,lecas
191,S10 NOT SO FUN
192,Fungusstack
193,torres96
194,UndefeatedMN99
195,Scarmax285
196,K423Kv2
197,xXPoWeRxGoDXx
198,PlastBurken1337
199,CaraDelecomi
200, Ænør
201,Random noob998
202,GREENICE007
203,CptCroustibat
204,HΩRIZΩN
0,duktrill
1,jetz komme ich
2,sandrius922002
3,DR procktor
4,DerEanix ZZ
5,Escobarfd1
6,mamomo96
7,KilleR05CoLa02
8,gohanss5
9,superob2017
10,adem2201
11,GioMi004
12,Boruto187
13,bib02
14,ignite547
15,fahed at
16,getaiya
17,ArturMv
18,TITIN CAL
19,ATSAA
20,reprotj
21,ForEver0
22,HamzaMaster94
23,Epicasky
24,cazooooo
25,xBaylee
26,Rocko933
27,HandlexY
28,Lominco
29,Ishikawa94
30,NevOxRicArd
31,BayremJ1
32,bou3at
33,zayed9449
34,Calippo Eis
35,Duyr
36,EcthelionWoW
37,warwick me 
38,SSG fedi twitche
39,MagicStarlights
40,Skt T1 Ngom
41,Bertogil98
42,LUiSiTOi
43,AlexANC
44,KiperIsLive
45,marekjeboss
46,shmasher3000
47,Jarlethur
48,KapoioKalokairi
49,bloodHunter99
50,HugZxD
51,D3adPool Shen
52,Axeredo
53,Itshyramaru
54,I love weizen
55,SweetChristmas
56,Debonobo
57,xOuEx
58,SUAYOX
59,nour100
60,ViciousBreed187
61,DarkDesert47
62,WeedInSky
63,SuperGoliat1
64,chakibKING
65,donthillhere
66,geremyboy
67,Invincible011
68,VeNoM2k17
69,SawNone
70,Warlord1000
71,valentinooot
72,aquiladergreifer
73,Ralph VVigum
74,GamerKitty97
75,HerugrIIm
76,daizi daizi
77,ZyKPT
78,Renactus
79,MajorEd33
80,SophieAmber
81,thedarkawaitsyou
82,shetooseltop
83,ZaZou98
84,Mo Twentyone
85,ENGETSU1
86,Kabalou
87,Kronos300
88,ShinyR1der
89,THE GENDARME
90,Irnaec
91,Sudeilor
92,hehe T1 xd
93,Craftoncu
94,TriHard Enabled
95,Darksoul57
96,laaklaty
97,VATAPANYT9
98,RICOTUTO 95
99,CHiGAGO17
100,OuahLup
101,QenIX18
102,6Gaara9
103,zedmouti3
104,pheyinx
105,Notorious91
106,GúthwIInë
107,hossein77
108,chrispro1231
109,JhayHustlz
110,psycholone
111,DarkStarQuinZ
112,Tri Tra Trololol
113,CyssouZei
114,GADITANAE
115,Renektôn
116,venra78
117,hayderbig boss
118,bernatsolat
119,LetsFranzl
120,aphirgame
121,Pablitoroda
122,LegendOfTheMert
123,hellibrine
124,MarcoYTlino
125,Biaggghio
126,ILYASox
127,mcmastablasta
128,TBL00
129,Raynorr55ad
130,folle111
131,Blackdragon950
132,JoelMag8
133,MalvoJr
134,amineTn1999
135,Sergejfaehrlih
136,OmegaMusic
137,westnasri10
138,PRINCROCKY
139,ZoRo491
140,Dabbee
141,SpyCaze
142,Darol10
143,DaGreen48
144,adsu203
145,P A V A L
146,F V C K L E A F
147,NietBJD
148,PtGamer2004
149,fish1963
150,ThomasGNX
151,RAKACHA13
152,NastyCakeTV
153,MagmaticWizardMA
154,Woojinki
155,HKPOLLOYNOOB
156,ilian600
157,srtalularg
158,The maker 333
159,ramene66
160,Commando no1
161,La keh à mojito 
162,GmHunters
163,babibeloume
164,elpop144
165,Relleno de Miga
166,uriimiinii
167,Psihoz
168,Miss4U
169,ZaKaRiYoS
170,Cabuguas
171,PELUU7
172,pabloanson
173,Me7ni
174,clochette971
175,anisd2005
176,Saradipsa
177,Jere21KL
178,cCking of kingsC
179,azizx1001
180,BoggleWogglez
181,GADDAM
182,SAIEN07
183,Tetraluna1
184,niñitobunker
185,Ahmed EL Basha2
186,smail diani
187,chica tn
188,projutoan
189,Pasta 1a Vista
190,zesa0014
191,Voyou92I
192,Ninkasii
193,Cara38
194,Eliaslol11
195,royal14521
196,RexFuri
197,Hardcoriste09
198,Nightgamer77
199,FValenLT7
200,WalkigButter man
201,Ocavana
202,kevincorless
203,KataSuckGaren
204,xEmilykex
0,K1nG RagePot
1,xx BIOPHILIA xx
2,gladiatour
3,TDZER0
4,hfboruto
5,babi25
6,C9 Tigermis
7,mnteemod
8,HellHound21
9,theDRAKE11
10,Farenheit11
11,kiwi Ancestral
12,GBPurple
13,Mattia1101
14,DikWaggler
15,ADC Bedros
16,trinitykiller324
17,TimThe1v1Master
18,Ch1gui
19,teemo95874856
20,AlwaysFool
21,ZAMAN59
22,powerRangers5
23,GoDFaThER 0307
24,JamesM3798
25,Nimmeo
26,dShingr
27,Rubiuhofiçial
28,Soralz
29,KingTimig974
30,Exoja
31,itsrakibs
32,YASUO RPO
33,Soleill
34,littleRockDBoL
35,r3Venant24
36,LumyeRR
37,Uncle Dendo
38,Sonnenhorus
39,Powercomplete
40,IITetsuII
41,DA HMAD
42,JavierDeAstora
43,nigelis94
44,rlZombie
45,SpencerUK
46,immortel68
47,Eugenarzt
48,XAVIONA
49,VelvetLace
50,paolinski
51,PazzoMattoxD
52,0cayn
53,1all im noob
54,PaulstarGt
55,DR3XE
56,fastume
57,The Spr
58,batmancharls
59,Barbecue00
60,gamerax3
61,NA CesarTustro
62,gameridir45
63,nobanez
64,anisbestplayer
65,ed ramsay
66,AktiveTablette
67,LikeAn
68,Z0R012
69,majkutes5432
70,danifg2019
71,VillTheKill
72,KanguruinBlack
73,K0ngKnug0
74,MeGaminG7050
75,n4nosaur
76,max187erz
77,PunkyLine
78,Gim
79,SALTYBEAR12
80,cabezaniple
81,Matrlx12
82,KC98
83,iheb torino 
84,Ricter22
85,GhosTFlamer
86,KlushaStahl
87,Chouaib12
88,ASUSGON
89,duriruriru
90,Maharaaja
91,N1kachu
92,MladenBoss
93,Almedina
94,kosch412
95,Batata2017
96,melecotte
97,jose1111a
98,AqUiLeSiiTo
99,belilaj the best
100,kulindra
101,HannesRudolph
102,GâbRïêL
103,5TFU and PLAY 
104,OmmyTheNoob
105,The MythstalKer 
106,Sello17
107,Skyc0ntrol
108,DimPetunia
109,XxMaSterBuNnyXx
110,seanjdeaf
111,supresimba
112,Patyk
113,sinfuleyesq8
114,rtbf233193959
115,hamakratose
116,antonioGª
117,hugoxtv
118,BestGaren0
119,Lion0710
120,unicornlover1104
121,titos105
122,ftmonster78
123,Azmmoog
124,babasanfour147
125,jiweikai92
126,Mastuy11
127,CoFFeePuPPy16
128,KûroBayashi
129,king mahdi82
130,xXxBoosterxXx
131,saad l7way
132,WolfBlood1914
133,rübenzhio
134,rivindunkiller
135,Diawie
136,Giiij4ever
137,MLDIAM
138,SrAlvarez97
139,gataa
140,SNAYMAK
141,TheTude5
142,Aubz93
143,marceyolo
144,Gacekwielki22
145,Gonkoo
146,RengoBey
147,NadieYTuMadre
148,amineprox24
149,SuuShyy
150,JUST CS CS CS
151,Fadhel The One
152,delfo
153,gkiller1234
154,Athena2408
155,Blackdayron
156,3lDuK0
157,jonicko
158,sanghoan2
159,kiss my head
160,Heniss
161,osama4545
162,Slushesii
163,lottelukas
164,blackmirror14
165,Blitzmarck
166,Bourne2017
167,marcuitos00
168,topedra
169,WindStep
170,DreamOnBiatch
171,SamJaegar
172,ReazWSL
173,Smouneh
174,Brida91
175,hide on bouch
176,TuxSandro
177,MarcoCITA
178,Magribo
179,SilentAssassin94
180,Razor Storm
181,SuperBonobo07
182,SHICIZO
183,Seraph941
184,wonkalolxd
185,MrHigHs
186,MircoPlayer
187,Bryan Gaussling
188,Fiora88
189,Gaynaldo cr7
190,masame2005
191,zZMariancittaZz
192,Condansator
193,joukouch
194,Educated  xGx
195,le7neshkappa
196,Audariteking123
197,20drago20
198,Principessa74
199,TheLittleVinc
200,Easylas
201,DurbaMogue
202,Rabador
203,TerXO
204,NicolásJH
0,CommunistPatata
1,Meanice
2,Shacolonee
3,Erycki
4,JavveLin
5,Johannes 14 6
6,XxCARSUS
7,axeltjuuh
8,Rufynello
9,marquesx6
10,CxdriiikOnSmurf
11,Yias94
12,UsefulDeadBeat
13,xXPeque11Xx
14,NiveaParfem
15,VampireHuntSword
16,MaRkItOsS90
17,3amikDaRkZz
18,Manjolito
19,Chanator15
20,stellina88
21,jazion5
22,jswade
23,TheLinoxLP
24,Mavrickbeast
25,dedaco
26,dav1d 370
27,SaltyStevo
28,samanthawolf69
29,TOCANARICES
30,Zeykiii
31,24Thommy
32,I am Redzyx
33,skylord77190
34,Irtaza Champ
35,Xerneas10
36,ArturitoFofo
37,Angoen
38,MistyDay02
39,Maquiavelica
40,Imparator86
41,Cateap
42,Sifiso
43,FianTGG
44,Naintuabl
45,xxdiabliyo54xx
46,MitchConne3r
47,Chimpchared
48,wows1
49,lucasber25
50,TheGuy95
51,TreffNüx
52,TheXLover
53,Rohp1
54,Naruhito
55,MickeyMaster6
56,Diancephalon
57,GCarP
58,bosskiller017
59,DoomiSVK
60,amineifari
61,FuyurQumir
62,TheFlipper54
63,trentjeuh
64,RanziSilvi
65,High Pixel
66,chippa kwitta
67,medislam
68,Rektagon
69,3 en français A
70,Mexi23
71,SLY BLUESTARS
72,EpicFaze44
73,notBIindAnymore
74,m0onlight097
75,StupratoreSerial
76,stifflerworkout
77,bananiakeyta
78,Nissenby
79,113antonny
80,a7medhamdy
81,Scorege6
82,DIEUbyffoold
83,luchetto40
84,Piervo
85,HAPPY TO KILL U
86,BurnHost
87,Moriconz
88,SpryBlue
89,yasinoo85
90,stary91
91,Cruzinha fofo
92,Goujohn
93,MyVoiceEkkos
94,SK Nvllivs
95,Keildichtung
96,RISSOLDECAMARAO
97,ZenoVroK
98,Pastifilio00
99,Yaaasno
100,MGDarkFury
101,giantwaffleb
102,ProAhmad1999
103,JuGe33
104,OTP Taliiah
105,Blue WoIf
106,hot wok maok
107,Aries 98
108,Dunk Em UP
109,Tabas7o
110,Noisettine
111,KingKuby
112,el payo bago1
113,MagicKaito177
114,TheRealJonesy
115,DXEHSAN
116,YOUSEFxKILLER
117,mâgnêtø
118,Platinion
119,Rivën AP Only
120,Frisboy
121,BananenFRANZ
122,Razaback
123,Mister elleEez
124,neum110
125,X Mr One Shot X
126,Clandestinoo
127,AcTyyZ19
128,roc98
129,ShlaguitoO
130,Roxas240210
131,GoGoTuJa
132,iLegendsTN
133,KikoRasgador
134,tihop31
135,chaboula
136,MMaxi2608
137,iHenrique23
138,Teh Real Makato
139,krakium
140,Lainkolan
141,TheDamned17
142,DaMoudirWick
143,KingOfBamboozle
144,Saysuki
145,Teresaponlamesa
146,AdibYT
147,Yo gi oh Konig
148,SpiderHunter2104
149,ViKiNgO4eVeR
150,Hide on bushı
151,KamikatzeMiau
152,THE DOCKERIAN
153,AlexZerstorer
154,TheMick0609
155,Wabisuke55
156,M97
157,7evenXona
158,KinG MsF
159,AfaFonti
160,Golden3r
161,Ntoropi
162,tokli
163,samardito
164,I E E C N I V I
165,bnymn
166,ooGuZieC87oo
167,sadocritique
168,amen alah456
169,IchMagMangoFTW
170,SilveryMoon021
171,West Wings
172,xaviambrose
173,Diamond Juzo
174,Ramin RF
175,Shadowplane
176,GrosAxel92i
177,MaelStormer
178,Najd20
179,Pausic
180,Punktruck16
181,WhoDis
182,LABBIUS
183,Faßrice
184,Mo7iTo
185,DEMUU
186,the tabal aymane
187,Bengaljungleking
188,KuroToZoR
189,PeterPan skrrt
190,Tilt Immune
191,Sammael12
192,pippofranco9
193,NoisyWorker
194,MeUrgotLaVeiga69
195,fulkanul
196,awad3000
197,Nova51
198,Progameswail
199,gmmg PT
200,Master o Oyix
201,Principro
202,Koeweitse
203,VeneX
204,RealFreeShoT
0,kelzod
1,Totally New
2,babe kiss me
3,Wïnkel
4,Miałczu
5,blahurk
6,homod20
7,TheRightOne
8,drombom
9,Highwire
10,mdmd77
11,Hawash
12,ChoppyDoo
13,Saito4ever
14,krstos1
15,hejmejkr22
16,ShiMada12
17,Zha nan Yq
18,KennyYesYes
19,FROGGYZI
20,torryboy707
21,jj021
22,ObintoS3nPaI
23,whipshall
24,Knifebreaker01
25,WackyAntop
26,HeyPro14
27,xXxM1dlexXx
28,Pitø
29,Salva055
30,Rushfire
31,Sªgres
32,An00bi5
33,caxcho
34,OKaralhoKTaFoda
35,Benehindert
36,Ptitcaille
37,Soul0fSadow
38,joselicoo
39,Mike3011
40,WANGTUN
41,NjDimas
42,Dragobuu04
43,CreeD57
44,Wealeth
45,RYPAY
46,maxentlosplay
47,AdidasKaimas
48,Rayito21
49,Yandaho
50,elzabarty0001
51,Vorsichtkrit
52,caballero2510
53,Actimel1324
54,debpain
55,dua2003rte
56,wasam
57,FloDown
58,ArchiGold5
59,brotherflock
60,Nijinskyvich
61,Naphos
62,NAUFAL10
63,Javast
64,hazim11
65,Kimmich32
66,Fandreas
67,köy ekmeyi
68,TWILKS
69,Smartkoukie
70,OriginsOfBretzel
71,fecke04
72,TerBoo
73,KeksderGroße
74,iTwinZz
75,svitras
76,xDeamon69
77,onfcy soeemcntsa
78,ExMagical
79,justnxcole
80,LeJur
81,ImZentrox
82,Ø D 
83,Onimonster
84,Fuzzarion
85,jode66
86,llKajll
87,Celii
88,D0489
89,Haters697
90,Hi I Am Babbets
91,IXxKillSwitchxXI
92,Funky000
93,TheLord9000
94,Biettola
95,Kornmen
96,TheProAlpha28
97,MT Krowint
98,Uia
99,elBecha01
100,Onu Vofka
101,HannesB02
102,Breuch21
103,julienlebb
104,piransmy
105,kazziboo
106,Bee0mad
107,sidi97
108,AnoKDurbag
109,DrMabusen
110,Ho Shi Minh
111,Dizzyware
112,JHO09
113,IsshoGame
114,calacado
115,Tamata03
116,Magerley
117,K4ymioh PT
118,Lord Vile7
119,xCcx3
120,Youmpai
121,BolinhaPedro
122,PitBiscuit72
123,Nornes1
124,Dusttelen
125,Benni734
126,PaccoSpacco
127,Biku38
128,Axl1010
129,jp945
130,PoneysAreAwesome
131,Kokmen974
132,OnvoidT
133,youssef   yasou
134,rumgamerpro
135,tiagultimate
136,PapitoInTheBush
137,kuromaru666
138,G2 lil c
139,dwan bringer ali
140,ChemSketch2511
141,1do1de2017
142,Siiika
143,makoa player
144,miguel290
145,Rampage Wolf
146,krabíkSVK
147,The Ottoman Came
148,CRAZYDRUGLORD
149,xMOBUTUx
150,JotaHarlem
151,donût
152, Åziz
153,JoseCruck
154,ItzMarcin
155,Kevinimpact
156,Tazmk
157,WeaselJB
158,ByDaGoN23
159,Øptimus
160,EmpereurDesDieux
161,irisWarrior
162,byMattix
163,Domkinso
164,hapbez
165,otchihamadara
166,hesmohesmo
167,frix919
168,Hetpoederbos
169,power006
170,GREEEEYY
171,Yukiteru42
172,Bad Boy Ekzotka
173,duff1208
174,El Zaref
175,puffyguy
176,seyia96
177,kyotto8
178,DerBoss372
179,Tamer of kings
180,Marcoski09
181,Tirex21
182,licornes du 22
183,RodriGTM
184,Maino in AFK
185,fire2hell
186,DrSpRiCe
187,Peu habile
188,KopUp
189,StarlessBoy
190,Louii Made
191,L9s Man
192,stormshadow56
193,XKienX
194,Renten VII
195,minimalistisch
196,T1mE69
197,0verTaker
198,Fricejay
199,Sigisx99
200,xXxTeTeTmToxXx
201,AntoLeggenda
202,EL PTO DORAEMON
203,Night568
204,AtozeCaca
